Index,Date,Highway Fatalities Per 100 Million Vehicle Miles Traveled,Highway Fatalities,Transit Ridership - Other Transit Modes - Adjusted,Transit Ridership - Fixed Route Bus - Adjusted,Transit Ridership - Urban Rail - Adjusted,Freight Rail Intermodal Units,Freight Rail Carloads,State and Local Government Construction Spending - Breakwater/Jetty,State and Local Government Construction Spending - Dam/Levee,State and Local Government Construction Spending - Conservation and Development,State and Local Government Construction Spending - Pump Station,State and Local Government Construction Spending - Line,State and Local Government Construction Spending - Water Treatment Plant,State and Local Government Construction Spending - Water Supply,State and Local Government Construction Spending - Line/Drain,State and Local Government Construction Spending - Waste Water Treatment Plant,State and Local Government Construction Spending - Waste Water,State and Local Government Construction Spending - Line/Pump Station,State and Local Government Construction Spending - Sewage Treatment Plant,State and Local Government Construction Spending - Sewage / Dry Waste,State and Local Government Construction Spending - Sewage and Waste Disposal,State and Local Government Construction Spending - Rest Facility,State and Local Government Construction Spending - Bridge,State and Local Government Construction Spending - Lighting,State and Local Government Construction Spending - Pavement,State and Local Government Construction Spending - Highway and Street,State and Local Government Construction Spending - Power,State and Local Government Construction Spending - Dock / Marina,State and Local Government Construction Spending - Water,State and Local Government Construction Spending - Mass Transit,State and Local Government Construction Spending - Land Passenger Terminal,State and Local Government Construction Spending - Land,State and Local Government Construction Spending - Transportation,State and Local Government Construction Spending - Park / Camp,State and Local Government Construction Spending - Neighborhood Center,State and Local Government Construction Spending - Social Center,State and Local Government Construction Spending - Convention Center,State and Local Government Construction Spending - Performance / Meeting Center,State and Local Government Construction Spending - Sports,State and Local Government Construction Spending - Amusement and Recreation,State and Local Government Construction Spending - Fire & Rescue,State and Local Government Construction Spending - Other Public Safety,State and Local Government Construction Spending - Police & Sheriff,State and Local Government Construction Spending - Detention,State and Local Government Construction Spending - Correctional,State and Local Government Construction Spending - Public Safety,State and Local Government Construction Spending - Library / Archive,State and Local Government Construction Spending - Other Educational,State and Local Government Construction Spending - Infrastructure,State and Local Government Construction Spending - Sports & Recreation,State and Local Government Construction Spending - Dormitory,State and Local Government Construction Spending - Instructional,State and Local Government Construction Spending - Higher Education,State and Local Government Construction Spending - High School,State and Local Government Construction Spending - Middle School / Junior High,State and Local Government Construction Spending - Elementary Schools,State and Local Government Construction Spending - Primary/Secondary Schools,State and Local Government Construction Spending - Educational,State and Local Government Construction Spending - Special Care,State and Local Government Construction Spending - Medical Building,State and Local Government Construction Spending - Hospital,State and Local Government Construction Spending - Health Care,State and Local Government Construction Spending - Parking,State and Local Government Construction Spending - Automotive,State and Local Government Construction Spending - Commercial,State and Local Government Construction Spending - Office,State and Local Government Construction Spending - Non Residential,State and Local Government Construction Spending - Multi Family,State and Local Government Construction Spending - Residential,State and Local Government Construction Spending - Total,Highway Fuel Price - On-highway Diesel,Highway Fuel Price - Regular Gasoline,Transportation Employment - Pipeline Transportation,Transportation Employment - Water Transportation,Transportation Employment - Rail Transportation,Transportation Employment - Air Transportation,Transportation Employment - Transit and ground passenger transportation,Transportation Employment - Truck Transportation,Personal Spending on Transportation - Transportation Services - Seasonally Adjusted,Personal Spending on Transportation - Gasoline and Other Energy Goods - Seasonally Adjusted,Personal Spending on Transportation - Motor Vehicles and Parts - Seasonally Adjusted,Unemployment Rate - Seasonally Adjusted,Labor Force Participation Rate - Seasonally Adjusted,Unemployed - Seasonally Adjusted,Real Gross Domestic Product - Seasonally Adjusted,Passenger Rail Passengers,Passenger Rail Passenger Miles,Passenger Rail Total Train Miles,Passenger Rail Employee Hours Worked,Passenger Rail Yard Switching Miles,Passenger Rail Total Reports,Rail Fatalities,Rail Fatalities at Highway-Rail Crossings,Trespasser Fatalities Not at Highwaya-Rail Crossings,Transportation Services Index - Freight,Transportation Services Index - Passenger,Transportation Services Index - Combined,U.S.-Canada Incoming Person Crossings,U.S.-Canada Incoming Truck Crossings,U.S.-Mexico Incoming Person Crossings,Air Safety - Air Taxi and Commuter Fatalities,Heavy truck sales,U.S.-Mexico Incoming Truck Crossings,Light truck sales,Auto sales,Air Safety - Air Carrier Fatalities,U.S. Air Carrier Cargo (millions of revenue ton-miles) - International,Truck tonnage index,U.S. Air Carrier Cargo (millions of revenue ton-miles) - Domestic,Heavy truck sales SAAR (millions),Light truck sales SAAR (millions),Auto sales SAAR (millions),Transborder - Total North American Freight,Transborder - U.S. - Mexico Freight,Transborder - U.S. - Canada Freight
732,1/1/2008 0:00,1.22,8459,13911623,442844351,348756976,842973,1238122,50000000,57000000,198000000,73000000,327000000,425000000,941000000,105000000,579000000,684000000,617000000,302000000,942000000,1626000000,58000000,1368000000,84000000,2075000000,3684000000,833000000,110000000,135000000,259000000,134000000,636000000,1531000000,302000000,74000000,108000000,86000000,124000000,173000000,724000000,189000000,239000000,128000000,352000000,480000000,719000000,90000000,182000000,98000000,140000000,187000000,950000000,1636000000,1753000000,755000000,1190000000,3746000000,5629000000,56000000,81000000,412000000,549000000,79000000,85000000,138000000,560000000,17220000000,293000000,343000000,17562000000,3.308,3.043,40300,65100,194200,499000,437000,1391900,3.53594E+11,4.45679E+11,4.05517E+11,0.05,0.662,7685000,1.57029E+13,2005292,416211470,3417775,3221099,194991,2,53,24,26,113.5,117,114.9,18055,512845,3876333,8,24300,412007,543300,495800,0,1897167410,87.5,1168017693,322000,7963000,7420000,75581311714,28897924914,46683386800
735,4/1/2008 0:00,1.25,9435,15120273,472743286,387548619,892452,1326924,37000000,61000000,173000000,87000000,443000000,536000000,1231000000,110000000,713000000,823000000,773000000,275000000,1058000000,1881000000,98000000,1851000000,161000000,3539000000,5774000000,981000000,126000000,153000000,378000000,147000000,782000000,1774000000,427000000,89000000,120000000,79000000,131000000,233000000,925000000,199000000,261000000,139000000,368000000,506000000,767000000,131000000,199000000,77000000,204000000,215000000,1031000000,1784000000,2126000000,828000000,1449000000,4432000000,6465000000,61000000,87000000,450000000,598000000,112000000,123000000,169000000,682000000,21482000000,309000000,373000000,21855000000,4.084,3.458,40400,65500,195900,499700,448100,1394400,3.49197E+11,4.38766E+11,3.90251E+11,0.05,0.659,7637000,1.57928E+13,2320765,473811702,3392761,3265196,222564,2,61,21,40,111.7,117,113.6,33454,530006,3717019,4,29500,445437,586700,656800,0,2184519616,86.6,1230238961,337000,6942000,7326000,86359515720,31907991127,54451524593
738,7/1/2008 0:00,1.33,9947,16530125,465258074,394473975,894970,1264217,69000000,75000000,205000000,123000000,639000000,574000000,1503000000,122000000,725000000,847000000,923000000,325000000,1275000000,2123000000,104000000,2368000000,143000000,6075000000,8805000000,950000000,81000000,118000000,411000000,202000000,938000000,2130000000,437000000,106000000,134000000,102000000,158000000,215000000,956000000,194000000,283000000,151000000,391000000,542000000,825000000,124000000,188000000,101000000,254000000,324000000,1187000000,2211000000,3019000000,1128000000,2033000000,6223000000,8674000000,61000000,90000000,445000000,595000000,100000000,119000000,172000000,778000000,27745000000,384000000,464000000,28210000000,4.703,4.062,42900,71400,196500,493700,373800,1404300,3.43279E+11,4.26391E+11,3.69959E+11,0.058,0.661,8937000,1.57096E+13,2796007,645144911,3531821,3310377,233653,2,69,29,39,111.3,116.6,113.1,81425,493902,3426318,8,23700,421204,513400,618800,1,1924038668,86.3,1176962349,291000,5692000,7023000,86076374725,33060251934,53016122791
741,10/1/2008 0:00,1.32,9582,16493417,515540107,404082236,946084,1315594,75000000,71000000,201000000,117000000,629000000,597000000,1505000000,117000000,829000000,946000000,975000000,429000000,1438000000,2385000000,81000000,2321000000,124000000,5875000000,8545000000,883000000,146000000,177000000,436000000,200000000,1015000000,2328000000,469000000,115000000,149000000,84000000,142000000,213000000,979000000,219000000,314000000,168000000,408000000,576000000,890000000,156000000,242000000,123000000,219000000,233000000,1224000000,2077000000,2476000000,906000000,1450000000,4883000000,7271000000,67000000,71000000,491000000,630000000,112000000,126000000,166000000,779000000,26591000000,391000000,460000000,27050000000,3.576,3.051,42300,69200,196800,476900,445500,1386800,3.31303E+11,4.39024E+11,3.26472E+11,0.065,0.66,10074000,1.53666E+13,2442790,517898247,3511001,3374326,234170,2,64,21,39,107.6,112.4,109.3,52664,503870,3610576,4,24400,423168,407500,427100,0,1959160995,82.9,1182951141,267000,4972000,5694000,84499297804,34515941934,49983355870
744,1/1/2009 0:00,1.09,7552,14517434,430468511,347843528,930248,1294266,38000000,56000000,149000000,119000000,367000000,497000000,1078000000,100000000,628000000,728000000,590000000,285000000,901000000,1629000000,41000000,1165000000,62000000,2431000000,3769000000,678000000,106000000,129000000,280000000,188000000,733000000,1626000000,296000000,81000000,86000000,61000000,108000000,184000000,679000000,156000000,237000000,174000000,298000000,472000000,709000000,101000000,178000000,120000000,150000000,227000000,1007000000,1756000000,1912000000,656000000,1199000000,3839000000,5831000000,54000000,71000000,412000000,537000000,77000000,90000000,123000000,667000000,17490000000,319000000,377000000,17867000000,2.292,1.788,42200,63100,194400,467300,439600,1287600,3.23356E+11,4.42557E+11,3.34411E+11,0.078,0.657,12058000,1.51875E+13,1978924,419766348,4108554,3243862,247170,2,40,18,18,98.7,109.7,102.1,10938,385057,3581976,8,15600,338857,342000,312700,0,1324523613,77.5,933106572,212000,5001000,4572000,54264520205,22255716686,32008803519
747,4/1/2009 0:00,1.16,8975,16240265,454702768,377470995,730778,1025839,58000000,46000000,161000000,117000000,476000000,573000000,1293000000,114000000,736000000,849000000,774000000,264000000,1063000000,1913000000,60000000,1610000000,75000000,3733000000,5589000000,1368000000,103000000,121000000,394000000,206000000,852000000,1893000000,405000000,120000000,135000000,58000000,120000000,219000000,885000000,211000000,301000000,213000000,326000000,539000000,840000000,140000000,235000000,103000000,196000000,286000000,1226000000,2099000000,2131000000,863000000,1475000000,4501000000,6907000000,51000000,66000000,454000000,571000000,73000000,88000000,152000000,786000000,22368000000,383000000,446000000,22814000000,2.22,2.049,42200,63300,188400,460100,440600,1257500,3.18128E+11,4.39995E+11,3.36951E+11,0.09,0.657,13853000,1.51618E+13,2271283,469783200,3423245,3257856,223868,2,53,18,35,95,110,99.6,29748,404950,3468779,0,15300,357907,390900,426500,0,1528383404,74.8,946335258,182000,4552000,4644000,56759014671,23277249208,33481765463
750,7/1/2009 0:00,1.17,9104,17076574,431446591,372524894,729050,1044887,58000000,69000000,172000000,126000000,453000000,547000000,1287000000,121000000,735000000,856000000,817000000,348000000,1197000000,2053000000,108000000,2360000000,97000000,6415000000,9116000000,1071000000,116000000,139000000,491000000,320000000,1097000000,2457000000,436000000,133000000,149000000,101000000,170000000,216000000,979000000,207000000,299000000,205000000,304000000,510000000,809000000,142000000,246000000,140000000,231000000,337000000,1298000000,2338000000,2836000000,1209000000,2128000000,6197000000,8862000000,48000000,76000000,454000000,577000000,72000000,85000000,181000000,800000000,28372000000,476000000,599000000,28971000000,2.54,2.527,42200,64200,182900,463600,368100,1274300,3.18317E+11,4.3849E+11,3.75167E+11,0.095,0.655,14601000,1.52166E+13,2557381,596670353,3620025,3518664,260880,2,85,33,48,98.5,109.8,102,51552,412855,3414732,0,16100,362086,450300,545400,0,1608275390,76.9,1009787804,196000,5126000,6244000,60146780364,25235656069,34911124295
753,10/1/2009 0:00,1.12,8252,16181489,477088524,391675506,1032634,1378221,65000000,66000000,180000000,105000000,498000000,483000000,1290000000,185000000,769000000,955000000,870000000,317000000,1215000000,2170000000,110000000,2133000000,175000000,6099000000,8749000000,810000000,109000000,140000000,521000000,308000000,1127000000,2476000000,451000000,142000000,161000000,104000000,161000000,207000000,995000000,242000000,340000000,201000000,260000000,461000000,801000000,235000000,348000000,101000000,179000000,228000000,1285000000,2072000000,2054000000,810000000,1245000000,4132000000,6619000000,45000000,78000000,455000000,577000000,82000000,82000000,169000000,814000000,25670000000,434000000,506000000,26176000000,2.672,2.551,43900,64000,180300,460600,441200,1266600,3.19446E+11,4.39212E+11,3.40145E+11,0.1,0.65,15352000,1.53792E+13,2379080,493132875,3576429,3474911,232245,2,55,20,34,98.8,109.8,102.2,39492,459183,3384294,0,18300,393942,414800,420900,0,1916120078,77.9,1129581753,206000,4963000,5406000,70336899735,30029839835,40307059900
756,1/1/2010 0:00,0.98,6755,14499667,410457520,347691757,952420,1283950,77000000,54000000,157000000,97000000,309000000,370000000,873000000,119000000,682000000,802000000,614000000,403000000,1025000000,1827000000,53000000,1066000000,89000000,2195000000,3542000000,665000000,75000000,95000000,386000000,204000000,786000000,1682000000,252000000,110000000,117000000,103000000,149000000,153000000,682000000,161000000,262000000,171000000,207000000,378000000,641000000,125000000,205000000,58000000,177000000,213000000,1082000000,1775000000,1585000000,484000000,1008000000,3090000000,5166000000,45000000,52000000,389000000,485000000,56000000,57000000,114000000,644000000,16497000000,380000000,437000000,16934000000,2.845,2.715,43400,60700,177200,459600,437200,1208100,3.2039E+11,4.33073E+11,3.36741E+11,0.098,0.648,15046000,1.54561E+13,2032892,440854078,3521094,3377882,225554,2,42,16,24,103.3,110.6,105.6,13232,415459,3187901,2,15900,362361,340400,356200,0,1651272852,80.5,977334970.3,224000,5251000,5416000,66504177032,27611667467,38892509565
759,4/1/2010 0:00,1.09,8522,16387381,449671571,387345724,821999,1173210,57000000,54000000,146000000,84000000,486000000,455000000,1176000000,162000000,786000000,948000000,758000000,283000000,1056000000,2003000000,107000000,1694000000,199000000,3451000000,5650000000,1014000000,111000000,171000000,588000000,258000000,1099000000,2272000000,325000000,122000000,136000000,105000000,154000000,166000000,792000000,161000000,262000000,160000000,225000000,385000000,647000000,138000000,234000000,70000000,183000000,289000000,1114000000,1904000000,1884000000,518000000,970000000,3388000000,5601000000,45000000,66000000,394000000,505000000,40000000,43000000,88000000,716000000,20644000000,511000000,595000000,21239000000,3.059,2.848,42400,60500,179700,461300,443400,1220700,3.17661E+11,4.38443E+11,3.56735E+11,0.099,0.652,15325000,1.56056E+13,2446113,520013629,3451608,3478591,205893,2,56,21,33,106.5,109.5,107.4,22204,460846,3260303,0,16900,406696,486800,493600,0,1913703531,82.1,1076584532,204000,5765000,5484000,76470082128,31842911421,44627170707
762,7/1/2010 0:00,1.18,9226,16716659,411698466,373528956,1115254,1407843,50000000,71000000,182000000,86000000,608000000,473000000,1320000000,155000000,850000000,1004000000,899000000,338000000,1244000000,2248000000,120000000,2552000000,188000000,5101000000,8219000000,961000000,107000000,144000000,489000000,302000000,1068000000,2409000000,394000000,121000000,136000000,90000000,160000000,154000000,863000000,140000000,250000000,125000000,243000000,368000000,617000000,92000000,170000000,187000000,221000000,321000000,1313000000,2297000000,2705000000,875000000,1537000000,5163000000,7692000000,57000000,67000000,394000000,518000000,46000000,54000000,103000000,709000000,25887000000,611000000,708000000,26596000000,2.911,2.729,42200,64600,184900,459600,384100,1271300,3.20079E+11,4.41035E+11,3.64884E+11,0.094,0.646,14512000,1.57263E+13,2805798,669880427,3616853,3527738,244242,2,78,24,52,107.1,112.1,108.7,52516,434100,3314699,6,18700,385688,532000,515000,0,1994088225,82,1075826165,234000,5977000,5738000,72367667069,31424152375,40943514694
765,10/1/2010 0:00,1.14,8496,16297987,461866467,393517665,1182027,1495018,37000000,82000000,182000000,64000000,618000000,531000000,1339000000,202000000,868000000,1070000000,927000000,337000000,1271000000,2340000000,113000000,2579000000,170000000,5755000000,8858000000,1074000000,77000000,135000000,541000000,317000000,1170000000,2370000000,412000000,138000000,149000000,101000000,168000000,156000000,903000000,138000000,225000000,144000000,275000000,419000000,644000000,145000000,197000000,151000000,191000000,293000000,1159000000,2041000000,1827000000,527000000,1044000000,3420000000,5705000000,67000000,65000000,421000000,553000000,67000000,80000000,162000000,724000000,24913000000,679000000,768000000,25681000000,3.052,2.801,41800,63000,187400,453600,463500,1283800,3.25226E+11,4.38883E+11,3.81654E+11,0.094,0.644,14516000,1.5808E+13,2542494,531024449,3579201,3523077,220455,2,76,33,42,108,114.7,110.1,47835,460799,3321976,0,18500,397002,510300,436400,0,2283637477,83.1,1031729640,216000,6435000,5765000,81579134764,35929532093,45649602671
768,1/1/2011 0:00,0.98,6726,14725448,408972557,353341329,1030003,1384330,55000000,57000000,157000000,66000000,384000000,485000000,1005000000,82000000,639000000,721000000,604000000,194000000,802000000,1523000000,66000000,1236000000,145000000,2123000000,3712000000,712000000,65000000,102000000,423000000,245000000,872000000,1689000000,267000000,68000000,78000000,75000000,122000000,81000000,597000000,92000000,176000000,133000000,227000000,360000000,536000000,101000000,150000000,109000000,170000000,273000000,963000000,1771000000,1364000000,425000000,697000000,2522000000,4502000000,48000000,58000000,413000000,520000000,51000000,60000000,113000000,601000000,15706000000,448000000,503000000,16209000000,3.388,3.095,42400,61600,187100,450800,453500,1245100,3.25837E+11,4.333E+11,3.78743E+11,0.091,0.642,14013000,1.57699E+13,2126847,456336772,3528530,3429673,203435,2,55,28,25,110.3,113.8,111.3,10304,440684,3350279,0,18200,390067,437900,380300,0,1948186626,85.3,923950123.3,259000,6747000,5800000,79900550011,34456731905,45443818106
771,4/1/2011 0:00,1.09,8227,16620349,443442345,380098875,1148826,1483182,43000000,48000000,139000000,76000000,438000000,472000000,1092000000,115000000,634000000,749000000,632000000,232000000,872000000,1621000000,66000000,1810000000,111000000,2943000000,5110000000,959000000,76000000,97000000,471000000,293000000,1006000000,1993000000,352000000,63000000,78000000,81000000,147000000,100000000,691000000,113000000,186000000,149000000,252000000,401000000,587000000,161000000,208000000,61000000,171000000,310000000,1184000000,1945000000,1569000000,584000000,734000000,2941000000,5195000000,66000000,78000000,478000000,621000000,55000000,68000000,145000000,659000000,18859000000,475000000,532000000,19391000000,4.064,3.8,42800,60700,191800,453200,460500,1277900,3.34569E+11,4.26035E+11,3.60803E+11,0.091,0.642,13957000,1.58768E+13,2689904,572508869,3449722,3365734,208030,2,62,11,47,110.6,113.7,111.5,21671,450476,3397930,0,23000,406786,554500,596000,0,2151137877,86.1,1027909172,289000,6525000,6512000,87197479555,37392314782,49805164773
774,7/1/2011 0:00,1.18,8984,17187395,407435042,383886673,1132637,1397625,50000000,58000000,178000000,59000000,564000000,439000000,1211000000,121000000,683000000,804000000,724000000,358000000,1089000000,1893000000,81000000,2523000000,139000000,5149000000,8018000000,791000000,114000000,143000000,453000000,274000000,956000000,1981000000,395000000,73000000,85000000,97000000,168000000,98000000,751000000,141000000,206000000,140000000,254000000,395000000,600000000,74000000,123000000,246000000,202000000,388000000,1104000000,2226000000,2215000000,967000000,1249000000,4473000000,6923000000,75000000,72000000,473000000,619000000,47000000,62000000,147000000,599000000,23789000000,402000000,480000000,24268000000,3.905,3.65,43300,62100,194000,462900,387500,1322900,3.39439E+11,4.26907E+11,3.61576E+11,0.09,0.64,13763000,1.58707E+13,2931813,632786423,3595073,3458617,239646,2,62,21,37,110.4,115.3,111.9,55645,427166,3273285,0,23700,389195,565000,497400,0,2073639897,85.6,985666413.8,301000,6643000,5776000,84833266035,37136662580,47696603455
777,10/1/2011 0:00,1.17,8542,16699635,471099250,415259570,1226430,1527797,65000000,109000000,246000000,78000000,578000000,475000000,1297000000,124000000,648000000,773000000,869000000,328000000,1202000000,1974000000,56000000,2560000000,142000000,5435000000,8485000000,730000000,150000000,188000000,482000000,268000000,1004000000,2015000000,385000000,84000000,99000000,100000000,157000000,94000000,739000000,127000000,179000000,152000000,287000000,439000000,618000000,91000000,174000000,125000000,199000000,317000000,1123000000,2019000000,1887000000,704000000,967000000,3591000000,5859000000,60000000,83000000,421000000,563000000,64000000,78000000,152000000,624000000,23390000000,436000000,491000000,23881000000,3.798,3.448,43000,61500,195200,457400,466400,1330400,3.39243E+11,4.24809E+11,3.79435E+11,0.088,0.641,13594000,1.60487E+13,2390414,543403112,3572176,3489930,222123,2,64,18,44,111.7,115.5,112.9,45801,472396,3312589,2,29100,412429,549000,470100,0,2145457627,87.5,1028994820,339000,7010000,6381000,91746939287,40486720358,51260218929
780,1/1/2012 0:00,1.08,7521,15371499,428369581,378393816,877734,1145345,58000000,50000000,143000000,41000000,426000000,388000000,974000000,93000000,570000000,663000000,667000000,241000000,914000000,1577000000,36000000,1474000000,122000000,1849000000,3664000000,605000000,74000000,113000000,423000000,236000000,894000000,1601000000,308000000,68000000,80000000,106000000,149000000,79000000,621000000,141000000,217000000,136000000,264000000,400000000,616000000,103000000,194000000,102000000,169000000,294000000,985000000,1810000000,1336000000,497000000,698000000,2560000000,4646000000,54000000,79000000,425000000,558000000,49000000,62000000,103000000,524000000,15694000000,329000000,394000000,16088000000,3.833,3.38,43700,60900,193500,457900,464800,1300000,3.35198E+11,4.22025E+11,3.91924E+11,0.083,0.637,12797000,1.618E+13,2224842,463005361,3562085,3340880,210871,2,53,22,26,111.5,115.7,112.8,17122,452501,3396086,3,24300,415573,453400,460500,0,1754199368,87.7,914974304.2,337000,6984000,7074000,87382525731,38516958766,48865566965
783,4/1/2012 0:00,1.12,8612,16759083,442340380,389407693,946966,1113362,49000000,57000000,154000000,28000000,451000000,428000000,1065000000,139000000,598000000,737000000,700000000,245000000,951000000,1688000000,42000000,2163000000,185000000,3014000000,5578000000,796000000,118000000,164000000,530000000,219000000,993000000,1807000000,393000000,68000000,81000000,106000000,138000000,89000000,707000000,131000000,205000000,149000000,281000000,430000000,635000000,102000000,154000000,130000000,193000000,341000000,1044000000,1939000000,1423000000,524000000,833000000,2833000000,4995000000,49000000,93000000,434000000,576000000,64000000,78000000,109000000,534000000,18718000000,341000000,392000000,19110000000,4.115,3.9,43400,61600,196400,459800,446000,1321300,3.43051E+11,4.25161E+11,3.9133E+11,0.082,0.637,12646000,1.62537E+13,2765051,585609840,3441450,3309424,200910,2,50,20,30,112.1,115.5,113.1,22216,471380,3436099,0,28800,417881,561000,614700,0,2014632763,88.6,975641333,361000,7083000,7325000,92278386451,39980015838,52298370613
786,7/1/2012 0:00,1.21,9171,17679385,413571375,396217399,946060,1103863,64000000,56000000,181000000,51000000,494000000,399000000,1075000000,110000000,577000000,687000000,793000000,261000000,1060000000,1747000000,40000000,2836000000,154000000,5485000000,8739000000,805000000,146000000,175000000,650000000,249000000,1155000000,2251000000,459000000,85000000,93000000,115000000,161000000,88000000,816000000,140000000,210000000,150000000,313000000,462000000,672000000,133000000,173000000,161000000,233000000,466000000,997000000,2117000000,2547000000,1018000000,1188000000,4781000000,7165000000,42000000,75000000,491000000,608000000,58000000,72000000,115000000,497000000,24754000000,325000000,395000000,25149000000,3.721,3.439,43600,66400,195200,465300,381100,1374000,3.42668E+11,4.22521E+11,3.94775E+11,0.082,0.637,12656000,1.62822E+13,2819009,663965533,3590865,3386646,217054,2,67,10,52,113.5,115.2,114,66543,455751,3381367,0,29000,416027,575400,567400,0,2002899957,89.6,995975606,353000,7111000,6916000,87815116544,40066735593,47748380951
789,10/1/2012 0:00,1.16,8478,17363922,484561157,401444963,1009019,1144443,99000000,82000000,237000000,79000000,506000000,414000000,1151000000,138000000,700000000,837000000,852000000,243000000,1107000000,1945000000,51000000,2730000000,127000000,5048000000,8189000000,992000000,163000000,217000000,639000000,268000000,1181000000,2505000000,483000000,75000000,83000000,97000000,134000000,112000000,819000000,148000000,261000000,148000000,249000000,397000000,657000000,124000000,144000000,170000000,186000000,352000000,952000000,1892000000,1639000000,592000000,975000000,3231000000,5315000000,35000000,89000000,488000000,613000000,92000000,102000000,140000000,507000000,23126000000,370000000,430000000,23556000000,4.094,3.746,43500,65800,195000,455900,469000,1378200,3.43285E+11,4.18031E+11,4.08403E+11,0.078,0.638,12124000,1.63E+13,2597751,539910016,3494044,3468146,206106,2,68,24,42,110.6,113.9,111.6,40131,502667,3400483,0,28900,454930,559400,530900,0,1951376439,87,1057686543,316000,7249000,7265000,98612278400,45272049578,53340228822
792,1/1/2013 0:00,1.04,7166,16112824,434859729,391456289,919377,1064974,80000000,40000000,163000000,62000000,454000000,322000000,953000000,91000000,547000000,638000000,524000000,194000000,727000000,1364000000,38000000,1463000000,99000000,1854000000,3663000000,658000000,103000000,137000000,591000000,234000000,1035000000,1803000000,312000000,73000000,77000000,74000000,106000000,80000000,582000000,122000000,198000000,123000000,181000000,304000000,502000000,68000000,110000000,90000000,177000000,304000000,870000000,1658000000,1177000000,407000000,690000000,2293000000,4109000000,37000000,73000000,412000000,522000000,65000000,72000000,109000000,395000000,14874000000,261000000,319000000,15193000000,3.909,3.319,43300,62600,194700,446000,467200,1344200,3.49449E+11,4.26435E+11,4.16979E+11,0.08,0.637,12471000,1.64415E+13,2605070,577032191,3514412,3405041,186378,2,45,19,24,114.5,117.5,115.3,13201,468575,3362923,1,25000,428107,517500,523200,0,1796971991,91.9,1028296242,339000,7650000,7824000,90765878450,39461236828,51304641622
795,4/1/2013 0:00,1.07,8207,17161000,460021840,408338611,962016,1108849,110000000,49000000,216000000,78000000,489000000,367000000,1070000000,82000000,634000000,716000000,739000000,198000000,944000000,1660000000,87000000,2049000000,162000000,3001000000,5548000000,936000000,124000000,167000000,736000000,258000000,1277000000,2215000000,328000000,88000000,95000000,73000000,111000000,95000000,632000000,110000000,186000000,156000000,214000000,369000000,555000000,71000000,96000000,66000000,224000000,320000000,946000000,1756000000,1275000000,565000000,754000000,2622000000,4495000000,50000000,91000000,435000000,576000000,50000000,56000000,108000000,414000000,18466000000,321000000,406000000,18872000000,3.93,3.57,43400,65000,196700,447600,471000,1365700,3.56746E+11,4.29903E+11,4.1712E+11,0.076,0.634,11760000,1.64644E+13,2817093,603515708,3586955,3431319,185816,2,48,17,30,115,117.2,115.6,27212,491163,3351788,0,30600,470867,644100,639100,7,1938789426,93.1,993732913.7,360000,7973000,7478000,98956208366,44158961728,54797246638
798,7/1/2013 0:00,1.17,9024,18217032,423153518,404783745,963616,1096854,78000000,77000000,205000000,55000000,495000000,398000000,1147000000,136000000,687000000,823000000,817000000,196000000,1038000000,1860000000,175000000,3014000000,182000000,5405000000,8984000000,943000000,137000000,242000000,572000000,214000000,1131000000,2308000000,312000000,99000000,107000000,77000000,126000000,127000000,677000000,102000000,159000000,138000000,195000000,333000000,491000000,82000000,108000000,111000000,252000000,371000000,1146000000,2125000000,2007000000,1034000000,1159000000,4229000000,6568000000,49000000,93000000,463000000,605000000,50000000,55000000,98000000,459000000,24398000000,309000000,417000000,24815000000,3.866,3.591,44900,67800,195900,446900,375200,1401200,3.60073E+11,4.29801E+11,4.13296E+11,0.073,0.633,11335000,1.65947E+13,2954693,681357191,3634796,3454988,195994,2,58,16,39,116.1,117.2,116.4,68814,466391,3362500,10,29600,435699,668100,638100,0,1867457546,94.4,996949275.4,347000,8010000,7663000,93079911151,43147555661,49932355490
801,10/1/2013 0:00,1.16,8496,17775798,490866467,441769917,1053451,1151329,100000000,118000000,277000000,70000000,539000000,391000000,1222000000,216000000,790000000,1005000000,858000000,240000000,1118000000,2123000000,81000000,2987000000,98000000,5247000000,8622000000,972000000,152000000,197000000,604000000,305000000,1302000000,2462000000,437000000,93000000,100000000,82000000,141000000,123000000,813000000,127000000,188000000,185000000,227000000,412000000,599000000,101000000,179000000,99000000,212000000,290000000,980000000,1785000000,1380000000,715000000,870000000,3004000000,5020000000,43000000,86000000,495000000,624000000,52000000,56000000,83000000,499000000,23359000000,316000000,389000000,23748000000,3.885,3.344,45000,65700,194300,438400,481700,1405800,3.59333E+11,4.32839E+11,4.13708E+11,0.072,0.628,11136000,1.67128E+13,2981487,674078738,3583717,3569455,185412,2,65,19,40,116.7,117.7,116.9,51919,514270,3487688,5,33900,469158,637900,563800,0,1961455969,94.7,1126408045,373000,7900000,7454000,1.0314E+11,46399928208,56739648071
804,1/1/2014 0:00,0.99,6856,15380018,413115957,381616588,936306,1075180,64000000,54000000,175000000,47000000,350000000,282000000,814000000,96000000,486000000,582000000,601000000,143000000,762000000,1344000000,48000000,1529000000,75000000,2056000000,3849000000,876000000,102000000,135000000,560000000,204000000,1097000000,1858000000,237000000,70000000,72000000,66000000,123000000,99000000,541000000,125000000,167000000,172000000,182000000,354000000,521000000,92000000,120000000,69000000,204000000,261000000,868000000,1600000000,951000000,402000000,747000000,2134000000,3880000000,29000000,67000000,415000000,511000000,29000000,34000000,56000000,397000000,14860000000,218000000,263000000,15123000000,3.893,3.313,46200,64600,194400,438400,477900,1363900,3.68679E+11,4.27973E+11,4.21702E+11,0.066,0.629,10202000,1.66542E+13,2207290,466418567,3438223,3405628,188489,2,63,29,34,116.2,117.6,116.6,12681,459050,3578512,3,26600,443209,536400,480000,0,1687694623,93.1,1032962441,365000,8049000,7200000,90325887200,41050275238,49275611962
807,4/1/2014 0:00,1.03,8179,17435886,452706311,428575468,1048812,1184375,75000000,80000000,237000000,82000000,508000000,294000000,1036000000,130000000,565000000,695000000,691000000,195000000,894000000,1589000000,65000000,2344000000,92000000,3200000000,5920000000,958000000,135000000,167000000,522000000,322000000,1192000000,2105000000,296000000,57000000,62000000,95000000,156000000,154000000,682000000,113000000,170000000,188000000,189000000,377000000,547000000,69000000,131000000,124000000,257000000,292000000,941000000,1826000000,1256000000,412000000,962000000,2724000000,4706000000,33000000,92000000,376000000,501000000,32000000,35000000,59000000,460000000,18840000000,265000000,320000000,19160000000,3.964,3.661,46800,66300,196600,439700,482300,1393100,3.72484E+11,4.25962E+11,4.39047E+11,0.062,0.628,9702000,1.68681E+13,2594901,545773080,3460995,3391032,187309,2,59,18,39,120.6,120.1,120.3,28868,496986,3469375,0,34400,468263,717100,656700,0,1861694095,96.8,1062638586,415000,8706000,7575000,1.00141E+11,44369631232,55771502712
810,7/1/2014 0:00,1.11,8799,18865615,423764780,421380740,1016079,1167422,95000000,116000000,290000000,67000000,565000000,366000000,1172000000,183000000,687000000,870000000,883000000,251000000,1144000000,2014000000,56000000,3071000000,107000000,5785000000,9239000000,1177000000,120000000,158000000,616000000,330000000,1370000000,2510000000,362000000,61000000,73000000,128000000,190000000,183000000,817000000,110000000,170000000,217000000,169000000,385000000,555000000,125000000,232000000,198000000,280000000,333000000,1083000000,2179000000,1866000000,836000000,1335000000,4107000000,6619000000,36000000,99000000,425000000,560000000,33000000,37000000,67000000,460000000,25550000000,293000000,359000000,25909000000,3.884,3.611,47400,70200,200500,448900,412500,1439900,3.77563E+11,4.28686E+11,4.44816E+11,0.062,0.629,9608000,1.70646E+13,2970213,672539892,3604475,3455397,192326,2,73,17,51,120.5,120,120.2,66098,493212,3361583,0,36300,461001,766800,670900,0,1996332148,97.4,1085373201,426000,8923000,7929000,1.01075E+11,45881962777,55192850905
813,10/1/2014 0:00,1.17,8910,18344807,491234132,454743586,1101932,1202804,119000000,113000000,317000000,77000000,559000000,420000000,1217000000,219000000,740000000,959000000,1006000000,247000000,1266000000,2225000000,74000000,2958000000,160000000,6108000000,9514000000,1017000000,120000000,168000000,650000000,345000000,1376000000,2681000000,474000000,59000000,69000000,83000000,118000000,175000000,841000000,199000000,257000000,143000000,184000000,327000000,583000000,115000000,194000000,185000000,221000000,292000000,1062000000,1950000000,1469000000,587000000,927000000,3051000000,5228000000,43000000,83000000,443000000,568000000,48000000,53000000,101000000,473000000,24829000000,322000000,384000000,25213000000,3.681,3.171,47400,67400,203500,448000,497300,1450400,3.78533E+11,4.37214E+11,4.52106E+11,0.057,0.629,8990000,1.71412E+13,2704061,554539946,3502663,3576941,208850,2,82,32,48,122.7,120,121.6,49977,520041,3399954,5,38600,489258,692700,580900,0,2056676557,99.3,1144871737,431000,8663000,7662000,1.08243E+11,49668119225,58574720333
816,1/1/2015 0:00,1.03,7370,15481236,406792856,373107679,1190773,1421315,99000000,64000000,231000000,48000000,406000000,386000000,935000000,157000000,494000000,651000000,776000000,156000000,943000000,1594000000,48000000,1623000000,72000000,2187000000,4042000000,795000000,79000000,133000000,571000000,285000000,1177000000,1998000000,301000000,59000000,62000000,89000000,125000000,134000000,630000000,115000000,172000000,124000000,158000000,282000000,454000000,56000000,106000000,136000000,202000000,284000000,935000000,1749000000,1039000000,444000000,629000000,2135000000,4011000000,38000000,62000000,324000000,424000000,32000000,35000000,65000000,425000000,15660000000,410000000,451000000,16111000000,2.997,2.116,47300,65300,206800,447000,495700,1417100,3.81775E+11,4.49523E+11,4.63564E+11,0.057,0.629,8885000,1.72806E+13,2194509,458200128,3406940,3260091,181864,2,60,14,34,122.9,120.3,121.9,11677,464683,3332979,0,30700,447705,632300,515400,,1799112411,99.2,1043068325,438000,9084000,7390000,89258484741,41205262520,48053222221
819,4/1/2015 0:00,1.08,8823,17783008,441944313,419355087,1100642,1119309,125000000,63000000,257000000,45000000,448000000,398000000,1011000000,206000000,622000000,827000000,818000000,204000000,1036000000,1863000000,39000000,2456000000,138000000,3561000000,6368000000,932000000,130000000,164000000,662000000,411000000,1459000000,2453000000,458000000,84000000,87000000,73000000,127000000,143000000,823000000,115000000,177000000,125000000,170000000,295000000,472000000,77000000,156000000,141000000,264000000,309000000,1142000000,2138000000,1316000000,538000000,843000000,2720000000,5073000000,39000000,71000000,348000000,459000000,47000000,51000000,91000000,514000000,20369000000,554000000,606000000,20975000000,2.782,2.469,48900,65900,210100,453400,496600,1428900,3.87247E+11,4.4823E+11,4.77595E+11,0.054,0.628,8550000,1.73809E+13,2625765,541203782,3376328,3362867,192878,2,61,15,40,122,121.4,121.7,24879,486437,3340584,0,36200,475780,797800,646400,0,1958791601,98.5,1088648940,438000,9733000,7516000,93326525413,44509409463,48817115950
822,7/1/2015 0:00,1.2,9805,19614863,414987604,432859298,1062425,1086841,124000000,98000000,297000000,51000000,588000000,385000000,1173000000,211000000,622000000,832000000,1046000000,286000000,1340000000,2172000000,108000000,3223000000,149000000,6374000000,10123000000,948000000,95000000,123000000,747000000,412000000,1585000000,2679000000,495000000,95000000,100000000,73000000,166000000,155000000,924000000,137000000,201000000,150000000,163000000,313000000,514000000,118000000,194000000,138000000,319000000,443000000,1266000000,2485000000,2388000000,960000000,1229000000,4629000000,7381000000,39000000,70000000,365000000,474000000,98000000,102000000,140000000,526000000,27445000000,426000000,493000000,27939000000,2.788,2.794,50100,68200,205700,463600,427400,1481100,3.89011E+11,4.52355E+11,4.78493E+11,0.052,0.626,8167000,1.74371E+13,2987128,680358542,3530697,3468209,200614,2,70,26,41,122.8,124.1,123.2,73719,477110,3512708,2,40600,470243,859200,647900,,1904820269,100.2,1097254556,477000,10132000,7695000,92994907276,45532614507,47462292769
825,10/1/2015 0:00,1.21,9486,18222215,463955116,448352817,1370911,1414802,121000000,94000000,271000000,62000000,607000000,385000000,1215000000,248000000,583000000,830000000,1080000000,284000000,1392000000,2222000000,96000000,3160000000,146000000,6078000000,9711000000,782000000,102000000,140000000,679000000,403000000,1481000000,2731000000,526000000,96000000,105000000,62000000,138000000,149000000,934000000,148000000,208000000,156000000,168000000,324000000,532000000,138000000,192000000,92000000,191000000,305000000,1045000000,1891000000,1715000000,641000000,884000000,3268000000,5371000000,38000000,69000000,354000000,460000000,97000000,100000000,141000000,545000000,24997000000,430000000,508000000,25505000000,2.519,2.29,50600,65200,198500,466000,503600,1468400,3.94226E+11,4.49844E+11,4.71743E+11,0.05,0.625,7922000,1.74626E+13,2638375,523223360,3437979,3492242,199395,2,78,21,53,123,124.4,123.4,51648,508661,3660897,0,38900,488679,848900,599700,0,2041253447,100.7,1166026079,453000,10247000,7570000,96624389520,48902849946,47721539574
828,1/1/2016 0:00,1.11,8154,15430528,386755389,370877899,1227533,1175934,78000000,78000000,177000000,119000000,381000000,336000000,941000000,203000000,525000000,728000000,801000000,203000000,1011000000,1739000000,77000000,1797000000,138000000,2470000000,4637000000,684000000,98000000,130000000,514000000,348000000,1137000000,1863000000,332000000,89000000,102000000,61000000,111000000,121000000,678000000,110000000,174000000,111000000,173000000,284000000,458000000,83000000,113000000,78000000,169000000,301000000,1015000000,1821000000,1282000000,502000000,722000000,2524000000,4479000000,55000000,61000000,322000000,438000000,30000000,59000000,126000000,403000000,16689000000,318000000,374000000,17063000000,2.143,1.949,51200,62700,186400,466400,496100,1428800,4.00815E+11,4.55231E+11,4.74341E+11,0.048,0.627,7627000,1.75655E+13,2182579,443214812,3348646,3217713,188020,2,47,18,25,122.5,124.2,123,14403,470264,3338428,0,31400,443705,684800,473100,0,1783341445,102.7,1032305812,460000,10425000,7185000,82429671243,40466506947,41963164296
831,4/1/2016 0:00,1.16,9563,17551284,420637828,409660770,1282501,1182456,148000000,105000000,311000000,61000000,513000000,350000000,1087000000,178000000,602000000,780000000,927000000,237000000,1181000000,1962000000,76000000,2276000000,65000000,3712000000,6365000000,745000000,103000000,137000000,562000000,380000000,1262000000,2181000000,444000000,106000000,123000000,74000000,145000000,149000000,892000000,128000000,185000000,124000000,165000000,289000000,473000000,120000000,158000000,82000000,209000000,333000000,1159000000,2043000000,1400000000,767000000,900000000,3087000000,5354000000,50000000,86000000,358000000,493000000,53000000,77000000,166000000,477000000,20562000000,402000000,473000000,21035000000,2.152,2.113,50300,65200,182400,473300,506700,1432900,4.02361E+11,4.53742E+11,4.76753E+11,0.051,0.629,8067000,1.76186E+13,2540725,512433020,3345959,3324587,201637,2,56,20,33,123.2,124.2,123.4,27101,489728,3376086,3,34400,506557,881200,609500,0,1954284062,103.2,1092553369,418000,10408000,6839000,90380196734,44483463525,45896733209
834,7/1/2016 0:00,1.23,10078,18621062,375914623,391196457,1267654,1289596,121000000,68000000,262000000,69000000,598000000,338000000,1210000000,163000000,602000000,764000000,994000000,211000000,1224000000,1989000000,118000000,3333000000,212000000,5922000000,9764000000,699000000,91000000,114000000,657000000,368000000,1432000000,2538000000,520000000,78000000,88000000,80000000,165000000,147000000,943000000,129000000,187000000,117000000,158000000,275000000,462000000,131000000,188000000,98000000,268000000,435000000,1121000000,2226000000,2189000000,976000000,1632000000,4960000000,7461000000,59000000,81000000,342000000,481000000,50000000,51000000,131000000,479000000,26480000000,439000000,496000000,26976000000,2.405,2.239,49800,69300,183600,483800,433100,1460600,4.08305E+11,4.54563E+11,4.93897E+11,0.048,0.628,7641000,1.77245E+13,3055054,681258622,3479641,3184975,199499,2,65,20,42,125.6,124.4,125,79516,453281,3454600,4,30100,439231,925900,591500,0,1925598064,104.9,1106082699,379000,10835000,6909000,83725477046,41329568197,42395908849
837,10/1/2016 0:00,1.27,10011,17566523,427759202,420310003,1347849,1344087,120000000,86000000,285000000,89000000,531000000,417000000,1187000000,239000000,619000000,857000000,1075000000,220000000,1309000000,2166000000,90000000,3091000000,249000000,6254000000,9960000000,666000000,117000000,139000000,590000000,390000000,1397000000,2622000000,600000000,92000000,107000000,66000000,145000000,148000000,1014000000,180000000,225000000,138000000,178000000,316000000,541000000,119000000,185000000,142000000,203000000,274000000,1167000000,2022000000,1669000000,746000000,1003000000,3476000000,5708000000,56000000,93000000,358000000,507000000,51000000,51000000,138000000,491000000,25339000000,547000000,588000000,25927000000,2.454,2.249,49400,65500,184200,480700,505000,1466300,4.12999E+11,4.48512E+11,5.03685E+11,0.049,0.628,7811000,1.78126E+13,2619410,515715563,3458986,3313513,186990,2,55,14,38,123.4,124.2,123.5,55918,505275,3720506,3,29900,499700,861300,507200,0,2154429335,101.7,1209485583,361000,10972000,6633000,93164740953,46616783161,46547957792
840,1/1/2017 0:00,1.12,8301,15695383,379032287,385406234,999980,990999,74000000,60000000,183000000,95000000,371000000,348000000,914000000,148000000,465000000,612000000,662000000,156000000,833000000,1445000000,36000000,1409000000,167000000,2316000000,4102000000,461000000,76000000,92000000,500000000,289000000,1053000000,1872000000,406000000,88000000,97000000,74000000,125000000,111000000,746000000,138000000,171000000,119000000,142000000,261000000,432000000,82000000,117000000,70000000,163000000,237000000,1036000000,1696000000,1412000000,613000000,896000000,2965000000,4814000000,49000000,96000000,273000000,418000000,40000000,40000000,128000000,442000000,16005000000,401000000,427000000,16433000000,2.58,2.349,48900,62800,181800,481500,501600,1419200,4.11093E+11,4.46934E+11,4.97755E+11,0.047,0.628,7468000,1.78891E+13,2330923,458016423,3432608,3215098,177548,2,64,25,32,124,127.1,125,13537,483159,3424417,0,25700,482882,726600,412900,0,1861554097,102.9,1131530025,365000,11041000,6248000,87960384375,43015358618,44945025757
843,4/1/2017 0:00,1.13,9460,17044306,388066756,407072908,1291296,1275287,82000000,96000000,242000000,83000000,451000000,493000000,1192000000,149000000,515000000,664000000,764000000,205000000,983000000,1646000000,32000000,2233000000,150000000,3577000000,6222000000,354000000,94000000,116000000,634000000,360000000,1327000000,2396000000,544000000,117000000,137000000,95000000,157000000,104000000,953000000,157000000,195000000,138000000,164000000,302000000,497000000,85000000,134000000,86000000,201000000,271000000,1141000000,1935000000,1416000000,760000000,1068000000,3335000000,5482000000,65000000,117000000,336000000,518000000,35000000,35000000,130000000,429000000,20123000000,453000000,474000000,20597000000,2.583,2.417,48900,64200,183700,488400,503600,1443100,4.16016E+11,4.54187E+11,4.96329E+11,0.044,0.63,7089000,1.79792E+13,2764389,561148298,3342228,3156697,190095,2,57,13,40,125.5,127.2,126,25111,477189,3581996,3,32000,483439,880500,538500,0,2065234188,104.4,1184722088,417000,10614000,6157000,91067617386,44021255569,47046361817
846,7/1/2017 0:00,1.21,10081,19283551,361210003,388539014,1306811,1282053,106000000,108000000,304000000,79000000,544000000,403000000,1161000000,183000000,636000000,819000000,985000000,204000000,1205000000,2024000000,21000000,2923000000,172000000,6396000000,9745000000,422000000,93000000,133000000,622000000,308000000,1267000000,2462000000,564000000,130000000,149000000,89000000,170000000,197000000,1092000000,180000000,214000000,127000000,172000000,299000000,513000000,75000000,136000000,176000000,358000000,318000000,1268000000,2451000000,2627000000,1013000000,1560000000,5331000000,8038000000,74000000,90000000,413000000,577000000,43000000,46000000,116000000,471000000,26995000000,501000000,530000000,27524000000,2.496,2.3,48500,67500,181800,495100,433000,1474800,4.27337E+11,4.52174E+11,5.13823E+11,0.043,0.629,6892000,1.8128E+13,3012988,667515087,3475556,3173703,191217,2,93,31,53,128.6,127.3,127.9,73810,461295,3501740,1,32400,481582,907800,501900,0,2242811764,107.3,1208603549,409000,10894000,5948000,89174993506,44399051534,44775941972
849,10/1/2017 0:00,1.2,9631,18699035,425403015,444700375,1385368,1325439,112000000,121000000,387000000,107000000,556000000,399000000,1217000000,241000000,658000000,899000000,1032000000,293000000,1338000000,2236000000,50000000,2898000000,134000000,5974000000,9290000000,445000000,110000000,136000000,709000000,296000000,1407000000,2770000000,569000000,117000000,133000000,70000000,154000000,102000000,967000000,218000000,250000000,147000000,187000000,335000000,585000000,90000000,151000000,100000000,303000000,210000000,1130000000,2021000000,1820000000,741000000,1241000000,3916000000,6141000000,71000000,92000000,426000000,589000000,63000000,64000000,124000000,592000000,25432000000,516000000,538000000,25970000000,2.794,2.505,48500,65400,180400,495600,516300,1478700,4.3261E+11,4.49662E+11,5.35988E+11,0.042,0.627,6700000,1.83103E+13,2788447,544835510,3486367,3352708,180924,2,53,16,34,130.4,128,129.3,57404,505480,3749935,0,36500,536285,891100,459200,0,2396985579,109.4,1328516999,425000,11739000,6320000,1.00561E+11,50835149339,49726286837
852,1/1/2018 0:00,1.1,8203,16028440,369920847,381378921,1310160,1217433,110000000,58000000,255000000,98000000,415000000,392000000,1075000000,190000000,489000000,679000000,783000000,179000000,969000000,1648000000,45000000,1393000000,93000000,2379000000,4085000000,284000000,75000000,104000000,595000000,233000000,1115000000,2180000000,382000000,78000000,95000000,92000000,155000000,122000000,763000000,190000000,226000000,124000000,209000000,333000000,558000000,65000000,115000000,95000000,245000000,198000000,1035000000,1790000000,1358000000,691000000,964000000,3080000000,5043000000,56000000,73000000,389000000,518000000,43000000,43000000,125000000,476000000,17088000000,420000000,440000000,17528000000,3.018,2.555,47800,62900,177900,492500,502300,1444200,4.41871E+11,4.48275E+11,5.28392E+11,0.04,0.627,6489000,1.84371E+13,2308715,438710211,3428324,3222581,174582,2,64,27,35,131.6,128.5,130.3,12571,475119,3731985,0,30700,517144,785600,366400,0,2143409082,108.9,1257997125,419000,11658000,5432000,96648309055,47741273235,48907035820
855,4/1/2018 0:00,1.11,9323,17566326,392252372,398115089,1099000,1051026,113000000,93000000,277000000,90000000,508000000,468000000,1216000000,261000000,568000000,829000000,968000000,199000000,1183000000,2011000000,62000000,2134000000,165000000,3730000000,6298000000,381000000,125000000,170000000,706000000,262000000,1265000000,2610000000,483000000,79000000,105000000,100000000,180000000,171000000,949000000,187000000,237000000,142000000,217000000,359000000,596000000,91000000,160000000,122000000,222000000,243000000,1143000000,1996000000,1806000000,844000000,1144000000,3878000000,6104000000,59000000,78000000,401000000,538000000,65000000,66000000,144000000,593000000,21815000000,472000000,522000000,22337000000,3.096,2.757,48700,63900,180100,497500,506300,1469800,4.40297E+11,4.48781E+11,5.28161E+11,0.04,0.629,6459000,1.85657E+13,2595973,502623911,3398092,3138092,177238,2,48,18,28,135.5,129.6,133.1,22471,501741,3860744,0,37700,542965,925400,429100,1,2306569617,111.5,1244529919,462000,11944000,5246000,1.027E+11,50518822379,52180896208
858,7/1/2018 0:00,1.18,9934,20067600,362119816,394287833,1399211,1328506,130000000,128000000,368000000,103000000,664000000,499000000,1418000000,319000000,616000000,935000000,837000000,274000000,1124000000,2059000000,74000000,2885000000,261000000,6644000000,10131000000,426000000,114000000,148000000,668000000,269000000,1305000000,3153000000,496000000,119000000,148000000,209000000,312000000,194000000,1157000000,195000000,242000000,135000000,214000000,349000000,591000000,83000000,135000000,160000000,285000000,241000000,1331000000,2282000000,2434000000,1038000000,1891000000,5561000000,8021000000,65000000,90000000,426000000,580000000,83000000,88000000,171000000,614000000,28779000000,499000000,538000000,29318000000,3.233,2.849,50300,68000,182300,501500,432900,1508900,4.37594E+11,4.46594E+11,5.30538E+11,0.038,0.63,6195000,1.86997E+13,3063808,655798387,3537038,3170620,192013,2,85,39,46,136,131.2,134,80348,482545,3916503,1,40200,514241,946600,417200,0,2365353566,113.4,1287661025,494000,11808000,5153000,1.01212E+11,50939109957,50272650053
861,10/1/2018 0:00,1.15,9375,19367600,437208668,443479335,1443854,1337180,113000000,126000000,364000000,109000000,563000000,398000000,1237000000,300000000,650000000,949000000,936000000,247000000,1197000000,2146000000,53000000,2727000000,256000000,6048000000,9354000000,432000000,142000000,166000000,648000000,311000000,1332000000,3019000000,503000000,119000000,141000000,144000000,228000000,244000000,1131000000,205000000,250000000,173000000,207000000,381000000,631000000,100000000,148000000,116000000,198000000,241000000,1229000000,2004000000,1991000000,798000000,1177000000,4101000000,6369000000,55000000,104000000,408000000,567000000,91000000,97000000,176000000,594000000,26158000000,440000000,484000000,26642000000,3.365,2.86,50800,65900,184300,495300,513500,1526800,4.37759E+11,4.49445E+11,5.33236E+11,0.038,0.629,6211000,1.87337E+13,2809806,541695863,3495697,3317689,182051,2,79,24,49,139.5,132.4,136.7,51076,527247,3896888,0,45600,568252,940900,420400,0,2531090174,116.1,1416350708,508000,12111000,5680000,1.10796E+11,56580838568,54214759164
864,1/1/2019 0:00,1.05,7816,16515635,367851089,368022820,1316168,1238487,72000000,64000000,238000000,61000000,414000000,355000000,947000000,213000000,557000000,771000000,611000000,204000000,822000000,1593000000,27000000,1535000000,122000000,2600000000,4450000000,451000000,172000000,187000000,594000000,208000000,1107000000,2420000000,305000000,107000000,124000000,120000000,197000000,222000000,866000000,167000000,207000000,136000000,215000000,350000000,557000000,85000000,128000000,107000000,162000000,292000000,1076000000,1836000000,1638000000,658000000,1114000000,3499000000,5505000000,47000000,108000000,325000000,480000000,106000000,122000000,197000000,522000000,18316000000,334000000,369000000,18685000000,2.98,2.248,50600,63800,182200,494900,503900,1501000,4.41618E+11,4.49984E+11,5.11394E+11,0.04,0.631,6439000,1.88354E+13,2288770,443790117,3417817,3185889,177672,2,54,24,30,137.8,131.2,135.2,14412,467770,3894421,3,38300,544903,780000,353600,0,2177266415,115.4,1323554381,520000,11567000,5204000,95623079535,49595329029,46027750506
867,4/1/2019 0:00,1.09,9172,18746430,397479345,415533810,1322588,1310228,84000000,76000000,242000000,92000000,542000000,454000000,1284000000,280000000,692000000,972000000,730000000,231000000,975000000,1947000000,32000000,2332000000,223000000,5159000000,7934000000,596000000,199000000,224000000,796000000,223000000,1368000000,2949000000,413000000,135000000,165000000,174000000,275000000,276000000,1169000000,193000000,237000000,144000000,232000000,376000000,613000000,122000000,166000000,117000000,212000000,356000000,1239000000,2174000000,1924000000,791000000,1324000000,4155000000,6566000000,58000000,129000000,342000000,529000000,63000000,95000000,168000000,613000000,24728000000,433000000,490000000,25218000000,3.121,2.798,50900,64900,179500,500000,515100,1516600,4.51609E+11,4.49236E+11,5.18068E+11,0.036,0.629,5911000,1.89622E+13,2728995,532041046,3405853,3156890,177472,2,88,23,59,137.9,133.1,136,31204,480477,4256803,3,46100,524215,931600,395600,0,2274110181,116.8,1344144898,571000,11623000,4704000,1.04549E+11,52596204520,51952577052
870,7/1/2019 0:00,1.18,9953,20378395,369257081,411609150,1314363,1264354,116000000,105000000,307000000,84000000,677000000,440000000,1413000000,289000000,740000000,1029000000,1010000000,250000000,1274000000,2303000000,66000000,2622000000,209000000,8021000000,11132000000,625000000,227000000,259000000,969000000,191000000,1499000000,3502000000,487000000,127000000,149000000,193000000,294000000,305000000,1284000000,196000000,242000000,195000000,252000000,447000000,689000000,126000000,186000000,154000000,253000000,365000000,1306000000,2401000000,3251000000,1279000000,1762000000,6452000000,9138000000,73000000,146000000,345000000,564000000,82000000,120000000,196000000,734000000,32011000000,486000000,531000000,32542000000,3.045,2.74,52300,69200,175000,511500,423900,1551300,4.60807E+11,4.46471E+11,5.23467E+11,0.037,0.631,6008000,1.91309E+13,3108797,657244637,3523575,3241361,193669,2,78,28,48,139.1,134.6,137.2,87714,478767,4343673,1,47400,552492,1014100,382900,0,2282852908,119,1372526417,569000,12359000,4623000,1.02441E+11,52220787968,50220602666
873,10/1/2019 0:00,1.14,9155,19083744,426327140,448819797,1063908,977406,92000000,134000000,304000000,106000000,729000000,485000000,1507000000,301000000,771000000,1073000000,1033000000,230000000,1276000000,2348000000,63000000,2276000000,213000000,6663000000,9480000000,677000000,221000000,239000000,906000000,142000000,1438000000,3409000000,461000000,133000000,148000000,239000000,322000000,297000000,1281000000,245000000,305000000,207000000,281000000,488000000,794000000,117000000,185000000,176000000,256000000,290000000,1272000000,2260000000,2475000000,918000000,1379000000,4933000000,7469000000,87000000,165000000,346000000,598000000,99000000,145000000,219000000,765000000,28996000000,545000000,610000000,29607000000,3.053,2.627,51800,68200,167300,509800,509200,1539500,4.61429E+11,4.42427E+11,5.3523E+11,0.036,0.633,5957000,1.92157E+13,2856692,540165523,3535184,3314190,185349,2,85,36,49,137.5,135.8,136.8,46365,501929,4141103,0,46200,574078,991100,343800,1,2399057229,118.1,1433811470,506000,12387000,4532000,1.07112E+11,53351771221,53760234363
876,1/1/2020 0:00,1.08,7900,16883290,375738346,406474497,1046672,950102,78000000,76000000,211000000,166000000,530000000,431000000,1297000000,241000000,675000000,916000000,789000000,138000000,935000000,1851000000,56000000,1311000000,195000000,3220000000,4922000000,557000000,215000000,225000000,838000000,106000000,1268000000,2879000000,364000000,110000000,122000000,211000000,289000000,273000000,1080000000,232000000,295000000,201000000,240000000,441000000,736000000,103000000,155000000,121000000,181000000,302000000,1124000000,1962000000,1911000000,763000000,1129000000,3930000000,6111000000,84000000,112000000,308000000,504000000,98000000,151000000,213000000,702000000,21173000000,538000000,602000000,21775000000,3.048,2.548,51900,65300,159200,510500,503000,1495600,4.2614E+11,4.19449E+11,4.85293E+11,0.035,0.633,5804000,1.89899E+13,2399424,447564878,3505313,3169375,182445,2,59,21,37,135.7,137.1,136.2,10927,457339,4099096,9,31900,544303,843300,293200,0,2034515086,116,1322651377,430000,12579000,4306000,97092315188,49165712006,47926603182
879,4/1/2020 0:00,1.43,9120,4303718,111044589,42951341,877194,769780,90000000,98000000,244000000,139000000,630000000,507000000,1481000000,277000000,754000000,1031000000,882000000,162000000,1062000000,2093000000,78000000,1649000000,233000000,5159000000,7325000000,586000000,229000000,245000000,845000000,96000000,1307000000,3195000000,401000000,119000000,134000000,199000000,271000000,305000000,1144000000,252000000,318000000,203000000,298000000,501000000,819000000,120000000,172000000,121000000,204000000,309000000,1234000000,2116000000,2346000000,923000000,1527000000,4934000000,7309000000,110000000,122000000,331000000,562000000,118000000,155000000,235000000,777000000,25864000000,553000000,629000000,26493000000,2.493,1.841,51500,60700,154600,440900,319800,1413100,2.78642E+11,3.40768E+11,4.80114E+11,0.147,0.601,23050000,1.73787E+13,121154,36018048,2070618,2767216,121903,2,57,14,42,124,11.9,78.8,555,316002,916801,0,28000,402091,548900,166400,,2025817424,106.2,1447281661,347000,6679000,1898000,58122974268,28356685451,29766288817
882,7/1/2020 0:00,1.44,11305,8549041,184922699,99467667,1050719,848701,119000000,146000000,332000000,149000000,817000000,434000000,1653000000,434000000,877000000,1310000000,918000000,199000000,1132000000,2442000000,71000000,2268000000,227000000,8256000000,11103000000,554000000,219000000,233000000,922000000,91000000,1426000000,3726000000,531000000,137000000,160000000,181000000,251000000,304000000,1272000000,260000000,304000000,191000000,284000000,475000000,779000000,137000000,196000000,153000000,215000000,303000000,1354000000,2270000000,3426000000,1240000000,1922000000,6696000000,9266000000,97000000,125000000,351000000,572000000,91000000,144000000,229000000,867000000,32908000000,661000000,767000000,33675000000,2.434,2.183,51100,59200,146100,415500,260200,1461300,3.26022E+11,4.00936E+11,5.76764E+11,0.102,0.615,16324000,1.87437E+13,572147,160734686,2399668,2831225,143060,2,56,13,42,133.1,27,90.7,1428,448153,1618663,7,31800,557267,944100,292600,0,2380037486,114.1,1667678824,382000,11272000,3421000,90959108077,47536726155,43422381922
885,10/1/2020 0:00,1.42,10355,8920807,191331339,137294944,1169915,912503,116000000,143000000,335000000,128000000,715000000,520000000,1597000000,408000000,929000000,1337000000,938000000,161000000,1113000000,2450000000,63000000,2107000000,200000000,7679000000,10375000000,654000000,206000000,225000000,1023000000,112000000,1533000000,3718000000,504000000,129000000,173000000,184000000,268000000,307000000,1273000000,252000000,309000000,178000000,306000000,484000000,793000000,126000000,156000000,115000000,192000000,261000000,1143000000,1905000000,2586000000,976000000,1460000000,5102000000,7249000000,101000000,141000000,401000000,642000000,108000000,158000000,244000000,841000000,30287000000,664000000,769000000,31056000000,2.389,2.158,50500,57400,146700,411400,381600,1485000,3.32571E+11,3.90329E+11,5.79018E+11,0.069,0.617,11090000,1.89243E+13,685989,161005524,2206071,2761726,119299,2,63,19,40,132.8,42,97,1755,477376,1891510,0,40400,602779,1045400,313600,0,2631517369,111.5,1716099862,451000,12683000,3951000,1.02051E+11,53657426601,48393087056
888,1/1/2021 0:00,1.28,8905,7259522,161820364,113545978,1173239,930126,100000000,95000000,238000000,108000000,538000000,425000000,1242000000,295000000,735000000,1030000000,704000000,90000000,809000000,1839000000,30000000,1195000000,173000000,3294000000,4816000000,573000000,138000000,153000000,816000000,93000000,1240000000,2812000000,345000000,100000000,136000000,141000000,207000000,260000000,965000000,230000000,282000000,132000000,301000000,433000000,715000000,177000000,210000000,87000000,173000000,218000000,1015000000,1652000000,2118000000,765000000,1168000000,4132000000,6056000000,87000000,108000000,356000000,551000000,98000000,139000000,218000000,712000000,20828000000,535000000,607000000,21435000000,2.681,2.334,49200,53600,144700,438400,355000,1470100,3.3908E+11,4.01068E+11,6.49467E+11,0.063,0.613,10155000,1.92162E+13,487403,119971180,2024498,2483432,121409,2,56,15,40,137,52.5,103.8,1168,444166,1878172,5,35400,557709,856400,250000,,2472856767,114.2,1605292766,506000,13033000,3789000,94283500328,48523976990,45759523338
891,4/1/2021 0:00,1.38,11065,9537997,192262431,140260380,1174020,951632,89000000,100000000,253000000,136000000,678000000,466000000,1502000000,372000000,797000000,1169000000,896000000,107000000,1037000000,2205000000,45000000,1620000000,226000000,5051000000,7229000000,565000000,182000000,198000000,880000000,92000000,1376000000,3196000000,419000000,118000000,148000000,153000000,219000000,282000000,1085000000,254000000,302000000,134000000,294000000,428000000,730000000,180000000,218000000,106000000,188000000,232000000,1024000000,1714000000,2391000000,830000000,1321000000,4632000000,6618000000,101000000,120000000,385000000,606000000,83000000,114000000,211000000,748000000,25036000000,622000000,696000000,25732000000,3.13,2.858,49600,57000,147000,449000,385000,1488100,3.82567E+11,4.34788E+11,6.68932E+11,0.061,0.616,9737000,1.95442E+13,862033,197898318,2005445,2550351,115459,2,69,16,51,137.3,56.9,105.8,1692,456864,2218622,0,38700,595362,1168100,350300,0,2851469099,113.3,1690670021,482000,14122000,4052000,1.07369E+11,54735691225,52633643613
894,7/1/2021 0:00,1.4,11750,12656404,208488891,191550919,1066000,904690,117000000,126000000,304000000,136000000,835000000,423000000,1599000000,443000000,938000000,1381000000,975000000,135000000,1133000000,2513000000,53000000,2214000000,255000000,7926000000,10776000000,734000000,185000000,191000000,1028000000,89000000,1496000000,3403000000,445000000,124000000,155000000,116000000,177000000,222000000,1018000000,258000000,300000000,147000000,258000000,405000000,704000000,170000000,204000000,113000000,211000000,244000000,1128000000,1884000000,2948000000,996000000,1931000000,5988000000,8151000000,98000000,119000000,436000000,652000000,60000000,83000000,150000000,738000000,30831000000,638000000,702000000,31533000000,3.339,3.136,50300,60300,147200,462600,329100,1531800,4.25767E+11,4.45919E+11,5.63801E+11,0.054,0.618,8704000,1.96726E+13,1887271,443271407,2994805,2805793,193897,2,80,24,52,134.9,77.9,112.3,2711,449886,2052635,0,35900,584602,976000,304700,0,2710645397,111.3,1715863668,446000,11182000,3438000,1.1127E+11,55569346309,55700777654
