First Name,Last Name,Jersey,Position,Games Played,Points,Total Goals,1pt Goals,2pt Goals,Scoring Points,Assists,Shots,Shot Pct,Shots On Goal,SOG Pct,2pt Shots,2pt Shot Pct,2pt Shots On Goal,Groundballs,Turnovers,Caused Turnovers,Faceoffs,Faceoff Wins,Faceoff Losses,Faceoff Pct,Saves,Save Pct,Scores Against,Scores Against Average,2pt Goals Against,2pt GAA,Time On Field,Total Penalties,Penalty Minutes,Power Play Goals,Power Play Shots,Short Handed Goals,Short Handed Shots,Short Handed Goals Against,Power Play Goals Against
Tucker,Durkin,51,D,3,0,0,0,0,0,0,1,0,1,1,1,0,1,1,0,5,0,0,0,0,0,0,0,0,0,0,0,0,0,0,0,0,0,,0
Peyton,Smith,5,FO,6,0,0,0,0,0,0,0,0,0,0,0,0,0,9,1,0,66,25,41,0.3787878787878788,0,0,0,0,0,0,0,0,0,0,0,0,0,,0
Brett,Schmidt,44,D,6,0,0,0,0,0,0,0,0,0,0,0,0,0,3,1,0,0,0,0,0,0,0,0,0,0,0,0,0,0,0,0,0,0,,0
Ben,Reeves,2,A,5,3,0,0,0,0,3,9,0,6,0.6666666666666666,1,0,1,3,2,1,0,0,0,0,0,0,0,0,0,0,0,0,0,0,0,0,0,,0
Joey,Sankey,11,M,6,6,3,3,0,3,3,9,0.3333333333333333,5,0.5555555555555556,0,0,0,1,3,0,0,0,0,0,0,0,0,0,0,0,0,0,0,0,0,0,0,,0
Jack,Near,2,M,6,3,1,1,0,1,2,6,0.16666666666666666,4,0.6666666666666666,1,0,1,11,2,6,0,0,0,0,0,0,0,0,0,0,0,1,0,0,0,0,0,,0
Gunnar,Waldt,14,G,6,0,0,0,0,0,0,0,0,0,0,0,0,0,0,0,0,0,0,0,0,0,0,0,0,0,0,0,0,0,0,0,0,0,,0
Romar,Dennis,5,M,5,6,4,3,1,5,1,18,0.2222222222222222,8,0.4444444444444444,4,0.25,3,2,0,2,0,0,0,0,0,0,0,0,0,0,0,2,1,0,0,0,0,,0
Ned,Crotty,22,M,4,10,3,3,0,3,7,11,0.2727272727272727,4,0.36363636363636365,2,0,0,3,7,0,0,0,0,0,0,0,0,0,0,0,0,0,0,0,0,0,0,,0
Michael,Manley,41,D,5,1,1,1,0,1,0,5,0.2,1,0.2,3,0,0,13,4,5,0,0,0,0,0,0,0,0,0,0,0,1,1,0,0,0,0,,0
Justin,Turri,12,M,5,0,0,0,0,0,0,2,0,2,1,1,0,1,0,0,0,0,0,0,0,0,0,0,0,0,0,0,0,0,0,0,0,0,,0
Justin,Guterding,14,A,5,16,10,10,0,10,6,32,0.3125,21,0.65625,3,0,2,5,8,2,0,0,0,0,0,0,0,0,0,0,0,0,0,0,0,0,0,,0
Jordan,Wolf,33,A,5,18,10,10,0,10,8,32,0.3125,20,0.625,0,0,0,11,8,1,0,0,0,0,0,0,0,0,0,0,0,0,0,1,0,0,0,,0
Jordan,MacIntosh,29,M,5,9,8,8,0,8,1,22,0.36363636363636365,13,0.5909090909090909,6,0,3,7,5,2,0,0,0,0,0,0,0,0,0,0,0,0,0,1,0,0,0,,0
John,Ranagan,31,M,5,6,4,4,0,4,2,18,0.2222222222222222,9,0.5,2,0,0,2,5,0,0,0,0,0,0,0,0,0,0,0,0,0,0,0,0,0,0,,0
John,Galloway,15,G,5,0,0,0,0,0,0,1,0,0,0,1,0,0,6,2,1,0,0,0,0,68,0.544,64,12.7512971290211,7,1.394673123,14455,0,0,0,0,0,0,,0
Drew,Simoneau,5,FO,5,2,2,2,0,2,0,2,1,2,1,0,0,0,11,2,1,53,29,24,0.5471698113207547,0,0,0,0,0,0,0,0,0,0,0,0,0,,0
Brett,Queener,23,G,5,0,0,0,0,0,0,0,0,0,0,0,0,0,0,0,0,0,0,0,0,0,0,0,0,0,0,0,0,0,0,0,0,0,,0
BJ,Grill,8,D,5,0,0,0,0,0,0,0,0,0,0,0,0,0,9,1,6,0,0,0,0,0,0,0,0,0,0,0,0,0,0,0,0,0,,0
Trevor,Baptiste,9,FO,5,1,1,1,0,1,0,3,0.3333333333333333,2,0.6666666666666666,0,0,0,22,1,2,106,57,49,0.5377358490566038,0,0,0,0,0,0,0,2,1,0,0,0,0,,0
Steven,DeNapoli,7,M,5,3,1,0,1,2,1,7,0.14285714285714285,4,0.5714285714285714,4,0.25,2,14,1,6,0,0,0,0,0,0,0,0,0,0,0,0,0,0,0,0,0,,0
Scott,Rodgers,42,G,5,0,0,0,0,0,0,0,0,0,0,0,0,0,0,0,0,0,0,0,0,0,0,0,0,0,0,0,0,0,0,0,0,0,,0
Ryan,Brown,4,A,5,6,6,6,0,6,0,23,0.2608695652173913,15,0.6521739130434783,1,0,0,5,3,0,0,0,0,0,0,0,0,0,0,0,0,1,0,2,0,0,0,,0
Paul,Rabil,99,M,5,5,1,1,0,1,4,19,0.05263157894736842,8,0.42105263157894735,3,0,2,3,4,0,0,0,0,0,0,0,0,0,0,0,0,1,0,0,0,0,0,,0
Mike,Simon,66,LSM,6,0,0,0,0,0,0,1,0,0,0,1,0,0,5,2,1,0,0,0,0,0,0,0,0,0,0,0,1,0,0,0,0,0,,0
Kyle,Hartzell,81,LSM,5,0,0,0,0,0,0,4,0,2,0.5,1,0,0,7,1,1,0,0,0,0,0,0,0,0,0,0,0,1,1,0,0,0,0,,0
Jack,Concannon,12,G,5,0,0,0,0,0,0,0,0,0,0,0,0,0,7,1,0,0,0,0,0,69,0.5655737705,58,12.161630870040044,5,1.048416454,13735,0,0,0,0,0,0,,0
Kieran,McArdle,6,A,5,14,8,8,0,8,6,26,0.3076923076923077,18,0.6923076923076923,1,0,0,6,15,2,0,0,0,0,0,0,0,0,0,0,0,2,2,0,0,0,0,,0
Kevin,Unterstein,13,M,5,1,0,0,0,0,1,1,0,0,0,0,0,0,7,2,2,0,0,0,0,0,0,0,0,0,0,0,1,1,0,0,0,0,,0
John,Crawley,44,M,5,5,3,3,0,3,2,11,0.2727272727272727,7,0.6363636363636364,2,0,1,3,1,0,0,0,0,0,0,0,0,0,0,0,0,0,0,0,0,0,0,,0
Joel,Tinney,55,M,5,1,0,0,0,0,1,2,0,1,0.5,0,0,0,11,2,2,0,0,0,0,0,0,0,0,0,0,0,1,0,0,0,0,0,,0
Jake,Richard,27,M,5,0,0,0,0,0,0,0,0,0,0,0,0,0,1,1,1,0,0,0,0,0,0,0,0,0,0,0,1,0,0,0,0,0,,0
Eric,Law,15,A,5,7,5,5,0,5,2,12,0.4166666666666667,9,0.75,0,0,0,9,7,3,0,0,0,0,0,0,0,0,0,0,0,0,0,0,0,0,0,,0
Connor,Buczek,33,M,5,7,3,2,1,4,3,27,0.1111111111111111,15,0.5555555555555556,11,0.09090909090909091,4,3,8,1,0,0,0,0,0,0,0,0,0,0,0,0,0,1,0,0,0,,0
Chris,Cloutier,45,A,5,7,7,7,0,7,0,17,0.4117647058823529,8,0.47058823529411764,1,0,0,2,8,0,0,0,0,0,0,0,0,0,0,0,0,0,0,0,0,0,0,,0
Callum,Robinson,10,D,5,0,0,0,0,0,0,1,0,0,0,1,0,0,3,0,0,3,1,2,0.3333333333333333,0,0,0,0,0,0,0,1,1,0,0,0,0,,0
Austin,Pifani,,,5,0,0,0,0,0,0,0,0,0,0,0,0,0,12,3,4,0,0,0,0,0,0,0,0,0,0,0,4,4,0,0,0,0,,0
Will,Manny,4,A,6,14,10,10,0,10,4,39,0.2564102564102564,28,0.717948717948718,3,0,1,7,10,0,0,0,0,0,0,0,0,0,0,0,0,0,0,1,0,0,0,,0
Tyler,Pfister,5,M,6,0,0,0,0,0,0,1,0,0,0,1,0,0,3,4,2,0,0,0,0,0,0,0,0,0,0,0,1,0,0,0,0,0,,0
Tom,Schreiber,26,M,6,16,12,12,0,12,4,29,0.41379310344827586,21,0.7241379310344828,3,0,2,6,14,0,0,0,0,0,0,0,0,0,0,0,0,0,0,0,0,0,0,,0
Scott,Ratliff,2,LSM,6,6,3,3,0,3,3,8,0.375,5,0.625,3,0,2,17,2,5,0,0,0,0,0,0,0,0,0,0,0,1,0,0,0,0,0,,0
Stephen,Kelly,24,FO,6,0,0,0,0,0,0,1,0,0,0,0,0,0,23,3,0,81,40,41,0.49382716049382713,0,0,0,0,0,0,0,0,0,0,0,0,0,,0
Ryan,Ambler,13,M,6,9,4,4,0,4,5,19,0.21052631578947367,12,0.631578947368421,1,0,0,0,2,2,0,0,0,0,0,0,0,0,0,0,0,0,0,0,0,0,0,,0
Brett,Craig,,,4,0,0,0,0,0,0,1,0,0,0,0,0,0,1,0,1,0,0,0,0,0,0,0,0,0,0,0,0,0,0,0,0,0,,0
Chase,Caruso,,,3,0,0,0,0,0,0,1,0,0,0,0,0,0,1,0,2,0,0,0,0,0,0,0,0,0,0,0,0,0,0,0,0,0,,0
Hayden,La Vangie,,,5,0,0,0,0,0,0,1,0,0,0,0,0,0,2,0,1,0,0,0,0,0,0,0,0,0,0,0,0,0,0,0,0,0,,0
Matt,Farrell,,,5,0,0,0,0,0,0,0,0,0,0,0,0,0,2,0,2,0,0,0,0,0,0,0,0,0,0,0,0,0,0,0,0,0,,0
Will,Renz,,,5,0,0,0,0,0,0,0,0,0,0,0,0,0,3,0,0,0,0,0,0,0,0,0,0,0,0,0,0,0,0,0,0,0,,0
Anthony,Joaquim,,,5,0,0,0,0,0,0,1,0,0,0,0,0,0,3,0,1,0,0,0,0,0,0,0,0,0,0,0,0,0,0,0,0,0,,0
Mark,Evanchick,,,5,0,0,0,0,0,0,0,0,0,0,0,0,0,3,0,1,0,0,0,0,0,0,0,0,0,0,0,0,0,0,0,0,0,,0
Will,Weitzel,,,4,0,0,0,0,0,0,1,0,0,0,0,0,0,3,0,3,0,0,0,0,0,0,0,0,0,0,0,0,0,0,0,0,0,,0
James,Wittmeyer,,,4,0,0,0,0,0,0,0,0,0,0,0,0,0,4,0,1,0,0,0,0,0,0,0,0,0,0,0,0,0,0,0,0,0,,0
Andrew,Bracy,,,5,0,0,0,0,0,0,0,0,0,0,0,0,0,5,0,0,26,11,0,0.4230769230769231,0,0,0,0,0,0,0,0,0,0,0,0,0,,0
Mike,Mayer,,,4,0,0,0,0,0,0,0,0,0,0,0,0,0,4,0,0,0,0,0,0,0,0,0,0,0,0,0,0,0,0,0,0,0,,0
Thomas,O'Connell,,,4,0,0,0,0,0,0,1,0,0,0,0,0,0,4,0,0,0,0,0,0,0,0,0,0,0,0,0,0,0,0,0,0,0,,0
Garrett,Michaeli,,,5,0,0,0,0,0,0,1,0,0,0,0,0,0,6,0,1,0,0,0,0,0,0,0,0,0,0,0,0,0,0,0,0,0,,0
Nick,Washuta,,,5,0,0,0,0,0,0,0,0,0,0,0,0,0,6,0,1,0,0,0,0,20,0.4761904762,22,6.948130277442702,0,0,9119,0,0,0,0,0,0,,0
Andrew,Helmer,,,5,0,0,0,0,0,0,0,0,0,0,0,0,0,8,0,1,0,0,0,0,0,0,0,0,0,0,0,0,0,0,0,0,0,,0
Gunnar,Schimoler,,,5,0,0,0,0,0,0,0,0,0,0,0,0,0,8,0,1,0,0,0,0,0,0,0,0,0,0,0,0,0,0,0,0,0,,0
Michael,Brown,,,5,0,0,0,0,0,0,0,0,0,0,0,0,0,11,0,2,0,0,0,0,0,0,0,0,0,0,0,0,0,0,0,0,0,,0
Jon,Paige,,,5,0,0,0,0,0,0,0,0,0,0,0,0,0,11,0,0,52,0,0,0,0,0,0,0,0,0,0,0,0,0,0,0,0,,0
Justin,Schwenk,,,5,0,0,0,0,0,0,1,0,0,0,0,0,0,12,0,0,69,33,0,0.4782608695652174,0,0,0,0,0,0,0,0,0,0,0,0,0,,0
Tommy,Wright,,,5,0,0,0,0,0,0,0,0,0,0,0,0,0,12,0,7,0,0,0,0,0,0,0,0,0,0,0,0,0,0,0,0,0,,0
Holden,Garlent,,,4,0,0,0,0,0,0,0,0,0,0,0,0,0,10,0,4,0,0,0,0,0,0,0,0,0,0,0,0,0,0,0,0,0,,0
Trevor,Smyth,,,5,0,0,0,0,0,0,1,0,0,0,0,0,0,14,0,0,0,0,0,0,0,0,0,0,0,0,0,0,0,0,0,0,0,,0
Brendan,Collins,,,5,1,1,1,0,1,0,8,0.125,0,0,0,0,0,3,0,1,0,0,0,0,0,0,0,0,0,0,0,0,0,0,0,0,0,,0
Alex,Woodall,,,5,1,0,0,0,0,1,0,0,0,0,0,0,0,35,0,1,134,79,0,0.5895522388059702,0,0,0,0,0,0,0,0,0,0,0,0,0,,0
Nick,Chaykowsky,,,5,1,1,1,0,1,0,3,0.3333333333333333,0,0,0,0,0,11,0,3,0,0,0,0,0,0,0,0,0,0,0,0,0,0,0,0,0,,0
Pat,Aslanian,,,5,2,1,1,0,1,1,4,0.25,0,0,0,0,0,9,0,4,0,0,0,0,0,0,0,0,0,0,0,0,0,0,0,0,0,,0
Matt,McMahon,77,D,6,0,0,0,0,0,0,1,0,0,0,1,0,0,10,1,12,0,0,0,0,0,0,0,0,0,0,0,2,2,0,0,0,0,,0
Mark,McNeill,21,M,6,0,0,0,0,0,0,1,0,0,0,0,0,0,13,5,2,0,0,0,0,0,0,0,0,0,0,0,0,0,0,0,0,0,,0
Marcus,Holman,1,A,6,7,6,6,0,6,1,26,0.23076923076923078,17,0.6538461538461539,3,0,1,14,3,3,0,0,0,0,0,0,0,0,0,0,0,2,1,1,0,0,0,,0
Joseph,McCallion,3,M,6,0,0,0,0,0,0,2,0,0,0,0,0,0,0,1,0,11,4,7,0.36363636363636365,0,0,0,0,0,0,0,0,0,0,0,0,0,,0
Ian,MacKay,94,M,6,5,3,2,1,4,1,21,0.14285714285714285,12,0.5714285714285714,7,0.14285714285714285,6,4,6,0,3,1,2,0.3333333333333333,0,0,0,0,0,0,0,0,0,1,0,0,0,,0
Drew,Adams,14,G,6,0,0,0,0,0,0,1,0,0,0,1,0,0,4,0,0,0,0,0,0,41,0.4880952381,45,12.787370498273312,2,0.5683275777,10135,0,0,0,0,0,0,,0
Dominique,Alexander,23,M,6,0,0,0,0,0,0,0,0,0,0,0,0,0,2,1,2,0,0,0,0,0,0,0,0,0,0,0,0,0,0,0,0,0,,0
Dan,Eipp,3,M,5,1,1,1,0,1,0,1,1,1,1,0,0,0,2,0,0,0,0,0,0,0,0,0,0,0,0,0,0,0,0,0,0,0,,0
Christian,Cuccinello,30,A,5,5,3,3,0,3,2,10,0.3,7,0.7,0,0,0,2,3,0,0,0,0,0,0,0,0,0,0,0,0,0,0,0,0,0,0,,0
Ben,McIntosh,90,M,5,6,6,6,0,6,0,21,0.2857142857142857,16,0.7619047619047619,1,0,0,3,2,1,0,0,0,0,0,0,0,0,0,0,0,0,0,0,0,0,0,,0
Grant,Maloof,,,4,2,1,1,0,1,1,3,0.3333333333333333,0,0,0,0,0,1,0,0,0,0,0,0,0,0,0,0,0,0,0,0,0,0,0,0,0,,0
Luke,Anderson,,,5,3,2,2,0,2,1,4,0.5,0,0,0,0,0,8,0,2,0,0,0,0,0,0,0,0,0,0,0,0,0,0,0,0,0,,0
Chase,Levesque,,,4,3,2,2,0,2,1,3,0.6666666666666666,0,0,0,0,0,9,0,3,0,0,0,0,0,0,0,0,0,0,0,0,0,0,0,0,0,,0
Miles,Silva,,,5,4,4,4,0,4,0,11,0.36363636363636365,0,0,0,0,0,1,0,1,0,0,0,0,0,0,0,0,0,0,0,0,0,0,0,0,0,,0
Ryan,MacSpadyen,,,5,4,4,4,0,4,0,13,0.3076923076923077,0,0,0,0,0,4,0,0,0,0,0,0,0,0,0,0,0,0,0,0,0,0,0,0,0,,0
Decker,Curran,,,5,5,5,5,0,5,0,21,0.23809523809523808,0,0,0,0,0,3,0,1,0,0,0,0,0,0,0,0,0,0,0,0,0,0,0,0,0,,0
Colin,Minicus,,,5,6,4,4,0,4,2,10,0.4,0,0,0,0,0,5,0,0,0,0,0,0,0,0,0,0,0,0,0,0,0,0,0,0,0,,0
Colin,Burke,,,5,6,4,4,0,4,2,27,0.14814814814814814,0,0,0,0,0,3,0,0,0,0,0,0,0,0,0,0,0,0,0,0,0,0,0,0,0,,0
Reilly,O'Connor,,,5,7,6,6,0,6,1,18,0.3333333333333333,0,0,0,0,0,2,0,0,0,0,0,0,0,0,0,0,0,0,0,0,0,0,0,0,0,,0
Andrew,Pettit,,,5,8,6,6,0,6,2,18,0.3333333333333333,0,0,0,0,0,11,0,0,0,0,0,0,0,0,0,0,0,0,0,0,0,0,0,0,0,,0
Tyson,Gibson,,,5,9,8,8,0,8,1,26,0.3076923076923077,0,0,0,0,0,4,0,0,0,0,0,0,0,0,0,0,0,0,0,0,0,0,0,0,0,,0
Jon,Mazza,,,5,9,6,6,0,6,3,28,0.21428571428571427,0,0,0,0,0,4,0,0,0,0,0,0,0,0,0,0,0,0,0,0,0,0,0,0,0,,0
Ben,Martin,,,5,10,9,9,0,9,1,18,0.5,0,0,0,0,0,8,0,0,0,0,0,0,0,0,0,0,0,0,0,0,0,0,0,0,0,,0
Daniel,Bucaro,,,5,15,13,13,0,13,2,48,0.2708333333333333,0,0,0,0,0,6,0,0,0,0,0,0,0,0,0,0,0,0,0,0,0,0,0,0,0,,0
Taylor,Stuart,,,4,0,0,0,0,0,0,0,0,0,0,0,0,0,4,0,1,0,0,0,0,0,0,0,0,0,0,0,0,0,0,0,0,0,,0
Kyle,Pless,,,5,2,0,0,0,0,2,1,0,0,0,0,0,0,14,0,9,0,0,0,0,0,0,0,0,0,0,0,0,0,0,0,0,0,,0
Andrew,Newbold,,,5,1,1,1,0,1,0,11,0.09090909090909091,0,0,0,0,0,16,0,4,0,0,0,0,0,0,0,0,0,0,0,0,0,0,0,0,0,,0
Kyle,Marr,,,4,2,1,1,0,1,1,20,0.05,0,0,0,0,0,4,0,0,0,0,0,0,0,0,0,0,0,0,0,0,0,0,0,0,0,,0
Ryan,Lee,,,5,20,18,18,0,18,2,59,0.3050847457627119,0,0,0,0,0,14,0,0,0,0,0,0,0,0,0,0,0,0,0,0,0,0,0,0,0,,0
Charlie,Hayes,,,5,1,1,1,0,1,0,1,1,0,0,0,0,0,11,0,2,0,0,0,0,0,0,0,0,0,0,0,0,0,0,0,0,0,,0
Brian,Begley,,,5,2,1,1,0,1,1,3,0.3333333333333333,0,0,0,0,0,6,0,5,0,0,0,0,0,0,0,0,0,0,0,0,0,0,0,0,0,,0
Chris,Aslanian,,,5,17,7,7,0,7,10,20,0.35,0,0,0,0,0,8,0,1,0,0,0,0,0,0,0,0,0,0,0,0,0,0,0,0,0,,0
Bradley,Voigt,,,5,17,16,16,0,16,1,30,0.5333333333333333,0,0,0,0,0,6,0,2,0,0,0,0,0,0,0,0,0,0,0,0,0,0,0,0,0,,0
Bryan,Cole,,,5,5,5,5,0,5,0,17,0.29411764705882354,0,0,0,0,0,2,0,0,0,0,0,0,0,0,0,0,0,0,0,0,0,0,0,0,0,,0
Bobby,Duvnjak,,,5,0,0,0,0,0,0,0,0,0,0,0,0,0,3,0,1,0,0,0,0,0,0,0,0,0,0,0,0,0,0,0,0,0,,0
Greg,Danseglio,,,4,1,0,0,0,0,1,0,0,0,0,0,0,0,7,0,6,0,0,0,0,0,0,0,0,0,0,0,0,0,0,0,0,0,,0
Brian,Kormondy,,,5,6,5,5,0,5,1,11,0.45454545454545453,0,0,0,0,0,1,0,0,0,0,0,0,0,0,0,0,0,0,0,0,0,0,0,0,0,,0
Tim,Barber,,,4,3,2,2,0,2,1,4,0.5,0,0,0,0,0,2,0,0,0,0,0,0,0,0,0,0,0,0,0,0,0,0,0,0,0,,0
Patrick,Resch,34,M,7,3,3,3,0,3,0,3,1,3,1,0,0,0,8,2,2,0,0,0,0,0,0,0,0,0,0,0,2,1,0,0,0,0,,0
Myles,Jones,15,M,6,13,6,4,2,8,5,30,0.2,18,0.6,6,0.3333333333333333,5,7,10,1,0,0,0,0,0,0,0,0,0,0,0,2,1,3,0,0,0,,0
Miles,Thompson,2,A,7,5,4,4,0,4,1,11,0.36363636363636365,10,0.9090909090909091,0,0,0,0,5,0,0,0,0,0,0,0,0,0,0,0,0,0,0,1,0,0,0,,0
Matt,Rees,44,LSM,7,0,0,0,0,0,0,4,0,2,0.5,3,0,1,17,3,3,0,0,0,0,0,0,0,0,0,0,0,2,2,0,0,0,0,,0
Kyle,McClancy,88,M,5,0,0,0,0,0,0,0,0,0,0,0,0,0,3,0,2,0,0,0,0,0,0,0,0,0,0,0,0,0,0,0,0,0,,0
Kevin,Buchanan,27,M,7,3,2,2,0,2,1,9,0.2222222222222222,6,0.6666666666666666,1,0,1,2,1,0,0,0,0,0,0,0,0,0,0,0,0,0,0,0,0,0,0,,0
Josh,Byrne,22,A,7,20,13,13,0,13,7,44,0.29545454545454547,28,0.6363636363636364,2,0,2,8,8,6,0,0,0,0,0,0,0,0,0,0,0,2,1,1,0,0,0,,0
Jeremy,Thompson,74,M,5,0,0,0,0,0,0,0,0,0,0,0,0,0,0,0,0,7,0,7,0,0,0,0,0,0,0,0,0,0,0,0,0,0,,0
Jarrod,Neumann,88,D,7,0,0,0,0,0,0,4,0,2,0.5,4,0,2,16,6,7,0,0,0,0,0,0,0,0,0,0,0,1,1,0,0,0,0,,0
James,Barclay,28,D,5,1,0,0,0,0,1,1,0,1,1,0,0,0,7,0,1,0,0,0,0,0,0,0,0,0,0,0,2,2,0,0,0,0,,0
Jake,Froccaro,54,M,7,10,5,3,2,7,3,31,0.16129032258064516,15,0.4838709677419355,10,0.2,5,12,3,3,5,0,5,0,0,0,0,0,0,0,0,0,0,1,0,0,0,,0
Dhane,Smith,92,M,7,10,6,6,0,6,4,19,0.3157894736842105,12,0.631578947368421,0,0,0,8,9,1,0,0,0,0,0,0,0,0,0,0,0,0,0,1,0,0,0,,0
Dan,Coates,57,D,7,0,0,0,0,0,0,0,0,0,0,0,0,0,6,1,6,0,0,0,0,0,0,0,0,0,0,0,0,0,0,0,0,0,,0
Curtis,Dickson,71,A,7,18,12,12,0,12,6,43,0.27906976744186046,25,0.5813953488372093,3,0,0,7,4,1,0,0,0,0,0,0,0,0,0,0,0,1,0,0,0,0,0,,0
Connor,Fields,5,A,6,7,6,6,0,6,1,19,0.3157894736842105,10,0.5263157894736842,0,0,0,5,10,0,0,0,0,0,0,0,0,0,0,0,0,0,0,0,0,0,0,,0
Charlie,Cipriano,12,G,5,0,0,0,0,0,0,0,0,0,0,0,0,0,2,2,0,0,0,0,0,30,0.4838709677,33,11.945701357466064,1,0.3619909502,7956,0,0,0,0,0,0,,0
Brodie,Merrill,17,D,5,0,0,0,0,0,0,0,0,0,0,0,0,0,10,1,3,0,0,0,0,0,0,0,0,0,0,0,2,1,0,0,0,0,,0
Blaze,Riorden,0,G,7,0,0,0,0,0,0,3,0,1,0.3333333333333333,3,0,1,10,5,1,0,0,0,0,119,0.6134020619,78,10.970892752490721,3,0.4219574136,20476,0,0,0,0,0,0,,0
Austin,Staats,83,A,7,6,5,5,0,5,1,12,0.4166666666666667,10,0.8333333333333334,0,0,0,2,7,0,0,0,0,0,0,0,0,0,0,0,0,2,2,0,0,0,0,,0
Brendan,Gleason,9,A,6,4,3,3,0,3,1,10,0.3,4,0.4,0,0,0,3,3,0,0,0,0,0,0,0,0,0,0,0,0,0,0,0,0,0,0,,0
Adam,Ghitelman,8,G,6,0,0,0,0,0,0,2,0,0,0,2,0,0,5,0,1,0,0,0,0,31,0.5849056604,23,9.200000000000001,1,0.4,7200,0,0,0,0,0,0,,0
Zach,Melillo,,,5,1,0,0,0,0,1,0,0,0,0,0,0,0,8,0,0,86,0,0,0,0,0,0,0,0,0,0,0,0,0,0,0,0,,0
Josh,Currier,27,M,6,6,6,6,0,6,0,14,0.42857142857142855,11,0.7857142857142857,0,0,0,2,2,1,0,0,0,0,0,0,0,0,0,0,0,0,0,1,0,0,0,,0
Mark,Glicini,16,M,7,2,1,1,0,1,1,4,0.25,2,0.5,1,0,1,11,0,3,0,0,0,0,0,0,0,0,0,0,0,1,0,0,0,0,0,,0
Sean,Sconone,,,5,0,0,0,0,0,0,0,0,0,0,0,0,0,23,0,4,0,0,0,0,76,0.5714285714,57,9.12,0,0,18000,0,0,0,0,0,0,,0
Robert,Mooney,,,5,0,0,0,0,0,0,2,0,0,0,0,0,0,8,0,1,0,0,0,0,0,0,0,0,0,0,0,0,0,0,0,0,0,,0
Landon,Kramer,,,5,0,0,0,0,0,0,0,0,0,0,0,0,0,4,0,1,0,0,0,0,0,0,0,0,0,0,0,0,0,0,0,0,0,,0
Jack,Jasinski,,,5,9,6,6,0,6,3,19,0.3157894736842105,0,0,0,0,0,2,0,0,0,0,0,0,0,0,0,0,0,0,0,0,0,0,0,0,0,,0
Ryan,Beville,,,5,0,0,0,0,0,0,2,0,0,0,0,0,0,9,0,3,0,0,0,0,0,0,0,0,0,0,0,0,0,0,0,0,0,,0
Charlie,Durbin,,,5,0,0,0,0,0,0,8,0,0,0,0,0,0,3,0,0,0,0,0,0,0,0,0,0,0,0,0,0,0,0,0,0,0,,0
James,Burr,,,5,7,4,4,0,4,3,14,0.2857142857142857,0,0,0,0,0,6,0,0,0,0,0,0,0,0,0,0,0,0,0,0,0,0,0,0,0,,0
Matt,Whitcher,,,5,0,0,0,0,0,0,2,0,0,0,0,0,0,11,0,4,0,0,0,0,0,0,0,0,0,0,0,0,0,0,0,0,0,,0
Chad,Toliver,,,4,1,1,1,0,1,0,2,0.5,0,0,0,0,0,3,0,1,0,0,0,0,0,0,0,0,0,0,0,0,0,0,0,0,0,,0
Brendan,Sunday,,,5,15,11,11,0,11,4,36,0.3055555555555556,0,0,0,0,0,5,0,0,0,0,0,0,0,0,0,0,0,0,0,0,0,0,0,0,0,,0
Will,Nowesnick,,,5,0,0,0,0,0,0,0,0,0,0,0,0,0,3,0,8,0,0,0,0,0,0,0,0,0,0,0,0,0,0,0,0,0,,0
Colton,Jackson,,,4,1,1,1,0,1,0,9,0.1111111111111111,0,0,0,0,0,2,0,0,0,0,0,0,0,0,0,0,0,0,0,0,0,0,0,0,0,,0
Kevin,Fox,,,5,0,0,0,0,0,0,1,0,0,0,0,0,0,6,0,5,7,0,0,0,0,0,0,0,0,0,0,0,0,0,0,0,0,,0
Eddie,Bouhall,,,4,1,0,0,0,0,1,0,0,0,0,0,0,0,9,0,6,0,0,0,0,0,0,0,0,0,0,0,0,0,0,0,0,0,,0
Peter,Welch,,,5,0,0,0,0,0,0,2,0,0,0,0,0,0,14,0,3,0,0,0,0,0,0,0,0,0,0,0,0,0,0,0,0,0,,0
Nate,Solomon,,,5,13,8,8,0,8,5,15,0.5333333333333333,0,0,0,0,0,4,0,1,0,0,0,0,0,0,0,0,0,0,0,0,0,0,0,0,0,,0
Brendan,Kearns,,,5,5,3,3,0,3,2,16,0.1875,0,0,0,0,0,1,0,0,0,0,0,0,0,0,0,0,0,0,0,0,0,0,0,0,0,,0
Mark,Ellis,,,5,2,1,1,0,1,1,3,0.3333333333333333,0,0,0,0,0,5,0,4,0,0,0,0,0,0,0,0,0,0,0,0,0,0,0,0,0,,0
Mark,Andrejack,,,5,1,1,1,0,1,0,2,0.5,0,0,0,0,0,19,0,1,112,50,0,0.44642857142857145,0,0,0,0,0,0,0,0,0,0,0,0,0,,0
Dom,Madonna,,,1,0,0,0,0,0,0,0,0,0,0,0,0,0,0,0,0,0,0,0,0,0,0,0,0,0,0,0,0,0,0,0,0,0,,0
Justin,Pugal,,,5,0,0,0,0,0,0,1,0,0,0,0,0,0,7,0,4,0,0,0,0,0,0,0,0,0,0,0,0,0,0,0,0,0,,0
Zach,Goodrich,,,5,1,0,0,0,0,1,5,0,0,0,0,0,0,9,0,3,0,0,0,0,0,0,0,0,0,0,0,0,0,0,0,0,0,,0
Nate,Farrell,,,5,0,0,0,0,0,0,2,0,0,0,0,0,0,6,0,0,44,0,0,0,0,0,0,0,0,0,0,0,0,0,0,0,0,,0
Ben,Spencer,,,5,2,1,1,0,1,1,3,0.3333333333333333,0,0,0,0,0,4,0,0,0,0,0,0,0,0,0,0,0,0,0,0,0,0,0,0,0,,0
Shane,Simpson,,,5,6,3,3,0,3,3,17,0.17647058823529413,0,0,0,0,0,6,0,0,0,0,0,0,0,0,0,0,0,0,0,0,0,0,0,0,0,,0
Michael,Panepinto,,,5,1,1,1,0,1,0,7,0.14285714285714285,0,0,0,0,0,0,0,0,0,0,0,0,0,0,0,0,0,0,0,0,0,0,0,0,0,,0
Andrew,Kew,,,5,19,14,14,0,14,5,29,0.4827586206896552,0,0,0,0,0,14,0,1,0,0,0,0,0,0,0,0,0,0,0,0,0,0,0,0,0,,0
Warren,Jeffrey,,,5,0,0,0,0,0,0,0,0,0,0,0,0,0,13,0,8,0,0,0,0,0,0,0,0,0,0,0,0,0,0,0,0,0,,0
Brendan,Bomberry,,,5,4,3,3,0,3,1,7,0.42857142857142855,0,0,0,0,0,0,0,0,0,0,0,0,0,0,0,0,0,0,0,0,0,0,0,0,0,,0
Christian,Knight,,,5,0,0,0,0,0,0,0,0,0,0,0,0,0,13,0,0,0,0,0,0,30,0.5357142857,26,8.32,0,0,9000,0,0,0,0,0,0,,0
Carlson,Milikin,,,5,0,0,0,0,0,0,0,0,0,0,0,0,0,9,0,1,0,0,0,0,0,0,0,0,0,0,0,0,0,0,0,0,0,,0
Sean,O'Brien,,,5,8,6,6,0,6,2,20,0.3,0,0,0,0,0,3,0,0,0,0,0,0,0,0,0,0,0,0,0,0,0,0,0,0,0,,0
Scott,Corcoran,,,5,2,2,2,0,2,0,3,0.6666666666666666,0,0,0,0,0,14,0,3,0,0,0,0,0,0,0,0,0,0,0,0,0,0,0,0,0,,0
Nick,Marrocco,,,4,0,0,0,0,0,0,0,0,0,0,0,0,0,16,0,1,0,0,0,0,54,0.5192307692,50,10.025760634964842,0,0,14363,0,0,0,0,0,0,,0
Frank,Brown,,,4,4,4,4,0,4,0,14,0.2857142857142857,0,0,0,0,0,2,0,0,0,0,0,0,0,0,0,0,0,0,0,0,0,0,0,0,0,,0
Connor,OHara,,,0,0,0,0,0,0,0,0,0,0,0,0,0,0,0,0,0,0,0,0,0,0,0,0,0,0,0,0,0,0,0,0,0,0,,0
Bryce,Wasserman,,,5,19,14,14,0,14,5,40,0.35,0,0,0,0,0,9,0,0,0,0,0,0,0,0,0,0,0,0,0,0,0,0,0,0,0,,0
Justin,Reh,,,5,3,0,0,0,0,3,9,0,0,0,0,0,0,4,0,1,0,0,0,0,0,0,0,0,0,0,0,0,0,0,0,0,0,,0
Greg,Weyl,,,5,0,0,0,0,0,0,1,0,0,0,0,0,0,12,0,9,0,0,0,0,0,0,0,0,0,0,0,0,0,0,0,0,0,,0
Scott,Hooper,,,5,0,0,0,0,0,0,2,0,0,0,0,0,0,6,0,2,0,0,0,0,0,0,0,0,0,0,0,0,0,0,0,0,0,,0
Ryan,Keenan,,,5,7,6,6,0,6,1,15,0.4,0,0,0,0,0,4,0,2,0,0,0,0,0,0,0,0,0,0,0,0,0,0,0,0,0,,0
Sean,Mayle,,,4,0,0,0,0,0,0,3,0,0,0,0,0,0,7,0,0,0,0,0,0,0,0,0,0,0,0,0,0,0,0,0,0,0,,0
Ben,Randall,,,5,1,0,0,0,0,1,0,0,0,0,0,0,0,21,0,10,0,0,0,0,0,0,0,0,0,0,0,0,0,0,0,0,0,,0
Noah,Rak,,,3,2,2,2,0,2,0,3,0.6666666666666666,0,0,0,0,0,18,0,1,58,34,0,0.5862068965517241,0,0,0,0,0,0,0,0,0,0,0,0,0,,0
Max,Adler,,,4,1,1,1,0,1,0,2,0.5,0,0,0,0,0,22,0,0,71,46,0,0.647887323943662,0,0,0,0,0,0,0,0,0,0,0,0,0,,0
Matt,Gilray,,,5,0,0,0,0,0,0,4,0,0,0,0,0,0,16,0,2,0,0,0,0,0,0,0,0,0,0,0,0,0,0,0,0,0,,0
Will,Sands,,,5,15,4,4,0,4,11,17,0.23529411764705882,0,0,0,0,0,5,0,1,0,0,0,0,0,0,0,0,0,0,0,0,0,0,0,0,0,,0
Michael,Rexrode,,,5,0,0,0,0,0,0,0,0,0,0,0,0,0,8,0,3,0,0,0,0,0,0,0,0,0,0,0,0,0,0,0,0,0,,0
Casey,Dowd,,,5,1,0,0,0,0,1,2,0,0,0,0,0,0,19,0,0,63,34,0,0.5396825396825397,0,0,0,0,0,0,0,0,0,0,0,0,0,,0
Alex,Spring,,,5,1,0,0,0,0,1,3,0,0,0,0,0,0,28,0,5,1,0,0,0,0,0,0,0,0,0,0,0,0,0,0,0,0,,0
Mikie,Schlosser,,,5,4,3,3,0,3,1,8,0.375,0,0,0,0,0,3,0,1,0,0,0,0,0,0,0,0,0,0,0,0,0,0,0,0,0,,0
Cody,Radziewicz,,,5,7,4,4,0,4,3,11,0.36363636363636365,0,0,0,0,0,3,0,0,0,0,0,0,0,0,0,0,0,0,0,0,0,0,0,0,0,,0
Charlie,Ford,,,1,0,0,0,0,0,0,0,0,0,0,0,0,0,0,0,0,0,0,0,0,0,0,0,0,0,0,0,0,0,0,0,0,0,,0
Nick,Aponte,,,5,6,4,4,0,4,2,18,0.2222222222222222,0,0,0,0,0,6,0,0,0,0,0,0,0,0,0,0,0,0,0,0,0,0,0,0,0,,0
Nick,Manis,,,5,1,1,1,0,1,0,4,0.25,0,0,0,0,0,1,0,0,0,0,0,0,0,0,0,0,0,0,0,0,0,0,0,0,0,,0
Cal,Dearth,,,5,2,0,0,0,0,2,0,0,0,0,0,0,0,0,0,0,0,0,0,0,0,0,0,0,0,0,0,0,0,0,0,0,0,,0
Jack,Carrigan,,,5,0,0,0,0,0,0,0,0,0,0,0,0,0,12,0,4,0,0,0,0,0,0,0,0,0,0,0,0,0,0,0,0,0,,0
Isaiah,Davis-Allen,,,5,1,1,1,0,1,0,0,0,0,0,0,0,0,0,0,0,0,0,0,0,0,0,0,0,0,0,0,0,0,0,0,0,0,,0
Colin,Heacock,,,5,7,4,4,0,4,3,17,0.23529411764705882,0,0,0,0,0,0,0,1,0,0,0,0,0,0,0,0,0,0,0,0,0,0,0,0,0,,0
Ryan,McNamara,,,5,8,5,5,0,5,3,33,0.15151515151515152,0,0,0,0,0,8,0,0,0,0,0,0,0,0,0,0,0,0,0,0,0,0,0,0,0,,0
Kevin,Reisman,,,5,1,0,0,0,0,1,3,0,0,0,0,0,0,26,0,0,90,56,0,0.6222222222222222,0,0,0,0,0,0,0,0,0,0,0,0,0,,0
Nick,Mariano,,,5,3,3,3,0,3,0,13,0.23076923076923078,0,0,0,0,0,8,0,0,0,0,0,0,0,0,0,0,0,0,0,0,0,0,0,0,0,,0
Tim,Edwards,,,5,1,0,0,0,0,1,0,0,0,0,0,0,0,8,0,4,0,0,0,0,0,0,0,0,0,0,0,0,0,0,0,0,0,,0
Dylan,Molloy,,,5,9,8,8,0,8,1,35,0.22857142857142856,0,0,0,0,0,16,0,1,0,0,0,0,0,0,0,0,0,0,0,0,0,0,0,0,0,,0
Adam,Osika,,,5,4,3,3,0,3,1,6,0.5,0,0,0,0,0,5,0,0,0,0,0,0,0,0,0,0,0,0,0,0,0,0,0,0,0,,0
Dan,Lomas,,,5,4,2,2,0,2,2,19,0.10526315789473684,0,0,0,0,0,1,0,0,0,0,0,0,0,0,0,0,0,0,0,0,0,0,0,0,0,,0
Kyle,Jackson,,,5,7,5,5,0,5,2,16,0.3125,0,0,0,0,0,2,0,0,0,0,0,0,0,0,0,0,0,0,0,0,0,0,0,0,0,,0
Steven,Romano,,,5,1,1,1,0,1,0,3,0.3333333333333333,0,0,0,0,0,3,0,2,0,0,0,0,0,0,0,0,0,0,0,0,0,0,0,0,0,,0
Shayne,Jackson,,,5,12,9,9,0,9,3,22,0.4090909090909091,0,0,0,0,0,10,0,0,0,0,0,0,0,0,0,0,0,0,0,0,0,0,0,0,0,,0
John,Uppgren,,,5,6,5,5,0,5,1,12,0.4166666666666667,0,0,0,0,0,3,0,2,0,0,0,0,0,0,0,0,0,0,0,0,0,0,0,0,0,,0
John,Yozzo-Scaperrotta,,,0,0,0,0,0,0,0,0,0,0,0,0,0,0,0,0,0,0,0,0,0,0,0,0,0,0,0,0,0,0,0,0,0,0,,0
Liam,Byrnes,,,5,0,0,0,0,0,0,2,0,0,0,0,0,0,21,0,5,0,0,0,0,0,0,0,0,0,0,0,0,0,0,0,0,0,,0
Challen,Rogers,,,5,6,4,4,0,4,2,19,0.21052631578947367,0,0,0,0,0,4,0,0,0,0,0,0,0,0,0,0,0,0,0,0,0,0,0,0,0,,0
Chris,Madalon,,,5,0,0,0,0,0,0,3,0,0,0,0,0,0,30,0,1,0,0,0,0,58,0.4754098361,64,10.24,0,0,18000,0,0,0,0,0,0,,0
Randy,Staats,,,5,13,3,3,0,3,10,29,0.10344827586206896,0,0,0,0,0,5,0,0,0,0,0,0,0,0,0,0,0,0,0,0,0,0,0,0,0,,0
Nicky,Galasso,,,5,10,4,4,0,4,6,14,0.2857142857142857,0,0,0,0,0,1,0,0,0,0,0,0,0,0,0,0,0,0,0,0,0,0,0,0,0,,0
Lyle,Thompson,,,5,19,14,14,0,14,5,37,0.3783783783783784,0,0,0,0,0,12,0,3,0,0,0,0,0,0,0,0,0,0,0,0,0,0,0,0,0,,0
Mark,Cockerton,,,5,10,8,8,0,8,2,24,0.3333333333333333,0,0,0,0,0,11,0,1,0,0,0,0,0,0,0,0,0,0,0,0,0,0,0,0,0,,0
Austin,Kaut,,,5,0,0,0,0,0,0,0,0,0,0,0,0,0,23,0,1,0,0,0,0,54,0.4695652174,61,10.421783235451148,0,0,16857,0,0,0,0,0,0,,0
CJ,Costabile,,,5,5,3,3,0,3,2,6,0.5,0,0,0,0,0,14,0,1,10,4,0,0.4,0,0,0,0,0,0,0,0,0,0,0,0,0,,0
Mark,Matthews,,,5,11,6,6,0,6,5,12,0.5,0,0,0,0,0,6,0,1,0,0,0,0,0,0,0,0,0,0,0,0,0,0,0,0,0,,0
Michael,Skudin,,,5,0,0,0,0,0,0,2,0,0,0,0,0,0,4,0,6,0,0,0,0,0,0,0,0,0,0,0,0,0,0,0,0,0,,0
Tommy,Palasek,,,5,13,5,5,0,5,8,15,0.3333333333333333,0,0,0,0,0,6,0,0,0,0,0,0,0,0,0,0,0,0,0,0,0,0,0,0,0,,0
Brian,Phipps,,,4,0,0,0,0,0,0,2,0,0,0,0,0,0,14,0,4,0,0,0,0,56,0.5333333333,49,9.6664155079115,0,0,14599,0,0,0,0,0,0,,0
John,Grant Jr.,24,A,4,4,0,0,0,0,4,12,0,0,0,0,0,0,1,0,0,0,0,0,0,0,0,0,0,0,0,0,0,0,0,0,0,0,,0
PT,Ricci,,,4,0,0,0,0,0,0,0,0,0,0,0,0,0,3,0,3,0,0,0,0,0,0,0,0,0,0,0,0,0,0,0,0,0,,0
Michael,Kraus,,,5,7,5,5,0,5,2,21,0.23809523809523808,0,0,0,0,0,12,0,0,0,0,0,0,0,0,0,0,0,0,0,0,0,0,0,0,0,,0
Patrick,Foley,9,D,5,0,0,0,0,0,0,0,0,0,0,0,0,0,3,1,3,0,0,0,0,0,0,0,0,0,0,0,0,0,0,0,0,0,,0
Tom,Rigney,,,5,0,0,0,0,0,0,2,0,0,0,0,0,0,7,0,7,0,0,0,0,0,0,0,0,0,0,0,0,0,0,0,0,0,,0
Jake,Withers,18,FO,5,1,0,0,0,0,1,1,0,1,1,0,0,0,14,0,3,59,34,25,0.576271186440678,0,0,0,0,0,0,0,1,1,0,0,0,0,,0
Sam,Duggan,5,M,5,5,3,2,1,4,1,5,0.6,3,0.6,2,0.5,1,10,1,2,0,0,0,0,0,0,0,0,0,0,0,1,1,0,0,0,0,,0
Jesse,King,19,M,5,10,8,8,0,8,2,19,0.42105263157894735,12,0.631578947368421,1,0,0,3,4,0,0,0,0,0,0,0,0,0,0,0,0,0,0,2,0,0,0,,0
Jake,Pulver,34,D,5,0,0,0,0,0,0,1,0,1,1,1,0,1,8,1,4,0,0,0,0,0,0,0,0,0,0,0,1,0,0,0,0,0,,0
Hunter,Forbes,88,FO,5,0,0,0,0,0,0,1,0,0,0,0,0,0,3,0,1,18,4,14,0.2222222222222222,0,0,0,0,0,0,0,0,0,0,0,0,0,,0
Eli,Salama,3,LSM,5,3,1,0,1,2,1,4,0.25,2,0.5,3,0.3333333333333333,1,5,0,2,0,0,0,0,0,0,0,0,0,0,0,1,1,0,0,0,0,,0
Brendan,Kavanagh,27,A,5,3,1,0,1,2,1,9,0.1111111111111111,3,0.3333333333333333,1,1,1,5,3,1,0,0,0,0,0,0,0,0,0,0,0,0,0,0,0,0,0,,0
Zed,Williams,36,A,6,23,20,20,0,20,3,59,0.3389830508474576,37,0.6271186440677966,4,0,3,9,16,3,0,0,0,0,0,0,0,0,0,0,0,0,0,0,0,0,0,,0
Dillon,Ward,37,G,7,0,0,0,0,0,0,0,0,0,0,0,0,0,0,0,0,0,0,0,0,0,0,0,0,0,0,0,0,0,0,0,0,0,,0
Finn,Sullivan,36,D,6,0,0,0,0,0,0,1,0,0,0,1,0,0,7,0,4,0,0,0,0,0,0,0,0,0,0,0,1,1,0,0,0,0,,0
Ryland,Rees,71,LSM,5,4,2,0,2,4,0,10,0.2,5,0.5,9,0.2222222222222222,5,16,3,6,0,0,0,0,0,0,0,0,0,0,0,2,2,0,0,0,0,,0
Greg,Puskuldjian,92,FO,6,1,0,0,0,0,1,1,0,1,1,0,0,0,8,1,2,62,22,40,0.3548387096774194,0,0,0,0,0,0,0,0,0,0,0,0,0,,0
Rob,Pannell,3,A,5,15,6,6,0,6,9,34,0.17647058823529413,17,0.5,1,0,1,14,14,1,0,0,0,0,0,0,0,0,0,0,0,0,0,0,0,0,0,,0
Jason,Noble,45,D,7,1,0,0,0,0,1,0,0,0,0,0,0,0,4,3,5,0,0,0,0,0,0,0,0,0,0,0,1,1,0,0,0,0,,0
Donny,Moss,80,D,5,0,0,0,0,0,0,1,0,0,0,1,0,0,2,0,2,0,0,0,0,0,0,0,0,0,0,0,1,0,0,0,0,0,,0
Christian,Mazzone,6,M,6,9,9,9,0,9,0,13,0.6923076923076923,12,0.9230769230769231,0,0,0,9,4,1,0,0,0,0,0,0,0,0,0,0,0,1,0,0,0,0,0,,0
Eli,Gobrecht,25,D,6,0,0,0,0,0,0,0,0,0,0,0,0,0,12,2,4,0,0,0,0,0,0,0,0,0,0,0,2,2,0,0,0,0,,0
Zach,Currier,77,M,4,7,4,4,0,4,3,8,0.5,5,0.625,0,0,0,20,6,2,0,0,0,0,0,0,0,0,0,0,0,0,0,1,0,0,0,,0
Matt,DeLuca,1,G,5,0,0,0,0,0,0,1,0,0,0,1,0,0,1,2,2,0,0,0,0,27,0.5869565217,20,16.16161616161616,1,0.8080808081,3564,0,0,0,0,0,0,,0
TJ,Comizio,84,M,6,0,0,0,0,0,0,0,0,0,0,0,0,0,6,1,1,0,0,0,0,0,0,0,0,0,0,0,1,0,0,0,0,0,,0
Craig,Chick,21,LSM,5,1,0,0,0,0,1,0,0,0,0,0,0,0,13,1,5,0,0,0,0,0,0,0,0,0,0,0,1,0,0,0,0,0,,0
Jesse,Bernhardt,36,D,5,0,0,0,0,0,0,2,0,1,0.5,2,0,1,9,3,4,0,0,0,0,0,0,0,0,0,0,0,3,3,0,0,0,0,,0
Hugh,Crance,31,LSM,6,0,0,0,0,0,0,0,0,0,0,0,0,0,4,3,4,0,0,0,0,0,0,0,0,0,0,0,0,0,0,0,0,0,,0
Reece,Eddy,9,LSM,5,1,1,1,0,1,0,2,0.5,2,1,0,0,0,13,2,5,0,0,0,0,0,0,0,0,0,0,0,3,3,0,0,0,0,,0
Matt,Gaudet,44,A,5,8,8,8,0,8,0,16,0.5,9,0.5625,0,0,0,2,2,2,0,0,0,0,0,0,0,0,0,0,0,0,0,2,0,0,0,,0
Bryan,Costabile,26,M,5,9,7,6,1,8,1,25,0.28,17,0.68,7,0.14285714285714285,5,8,9,2,0,0,0,0,0,0,0,0,0,0,0,0,0,0,0,0,0,,0
Jack,Rapine,9,D,6,0,0,0,0,0,0,0,0,0,0,0,0,0,1,0,2,0,0,0,0,0,0,0,0,0,0,0,0,0,0,0,0,0,,0
Grant,Ament,16,A,6,20,6,6,0,6,14,25,0.24,18,0.72,1,0,1,11,13,0,0,0,0,0,0,0,0,0,0,0,0,1,0,0,0,0,0,,0
Brad,Smith,27,A,6,15,8,8,0,8,7,29,0.27586206896551724,20,0.6896551724137931,1,0,1,10,7,0,0,0,0,0,0,0,0,0,0,0,0,0,0,0,0,0,0,,0
Wes,Berg,55,A,5,5,1,1,0,1,4,12,0.08333333333333333,9,0.75,0,0,0,3,4,1,0,0,0,0,0,0,0,0,0,0,0,1,0,0,0,0,0,,0
Brendan,Fowler,3,FO,6,1,1,1,0,1,0,2,0.5,2,1,0,0,0,13,3,0,66,31,35,0.4696969696969697,0,0,0,0,0,0,0,0,0,0,0,0,0,,0
Curtis,Corley,42,D,6,0,0,0,0,0,0,0,0,0,0,0,0,0,5,1,3,0,0,0,0,0,0,0,0,0,0,0,0,0,0,0,0,0,,0
Johnny,Surdick,18,D,1,0,0,0,0,0,0,0,0,0,0,0,0,0,0,0,0,0,0,0,0,0,0,0,0,0,0,0,0,0,0,0,0,0,,0
Cade,van Raaphorst,77,D,5,0,0,0,0,0,0,4,0,0,0,3,0,0,21,2,12,0,0,0,0,0,0,0,0,0,0,0,3,2,0,0,0,0,,0
Noah,Richard,27,D,5,0,0,0,0,0,0,4,0,3,0.75,1,0,0,11,4,4,0,0,0,0,0,0,0,0,0,0,0,2,1,0,0,0,0,,0
Tyler,Dunn,3,M,5,0,0,0,0,0,0,1,0,0,0,1,0,0,2,0,3,0,0,0,0,0,0,0,0,0,0,0,0,0,0,0,0,0,,0
Ryder,Garnsey,50,A,6,16,10,10,0,10,6,38,0.2631578947368421,26,0.6842105263157895,0,0,0,12,8,2,0,0,0,0,0,0,0,0,0,0,0,5,4,0,0,0,0,,0
John,Haus,26,M,6,13,8,8,0,8,5,32,0.25,21,0.65625,6,0,3,9,8,1,0,0,0,0,0,0,0,0,0,0,0,0,0,0,0,0,0,,0
Isaac,Paparo,43,LSM,6,1,0,0,0,0,1,0,0,0,0,0,0,0,2,0,0,0,0,0,0,0,0,0,0,0,0,0,0,0,0,0,0,0,,0
Tim,Troutner,0,G,6,0,0,0,0,0,0,4,0,1,0.25,4,0,1,12,2,3,0,0,0,0,71,0.5590551181,63,10.205872426594668,7,1.133985825,17778,0,0,0,0,0,0,,0
Clarke,Petterson,45,A,6,9,5,5,0,5,4,22,0.22727272727272727,13,0.5909090909090909,0,0,0,9,2,1,0,0,0,0,0,0,0,0,0,0,0,1,0,3,0,0,0,,0
Chris,Sabia,16,D,5,0,0,0,0,0,0,3,0,1,0.3333333333333333,1,0,1,10,2,5,0,0,0,0,0,0,0,0,0,0,0,0,0,0,0,0,0,,0
Max,Tuttle,55,M,6,3,3,3,0,3,0,13,0.23076923076923078,5,0.38461538461538464,0,0,0,6,3,0,0,0,0,0,0,0,0,0,0,0,0,0,0,0,0,0,0,,0
Connor,Farrell,25,FO,5,1,0,0,0,0,1,2,0,1,0.5,0,0,0,34,8,0,116,72,44,0.6206896551724138,0,0,0,0,0,0,0,0,0,0,0,0,0,,0
Jack,Rowlett,99,D,6,0,0,0,0,0,0,1,0,0,0,1,0,0,8,1,9,4,0,4,0,0,0,0,0,0,0,0,1,0,0,0,0,0,,0
Eric,Scott,4,M,7,4,2,2,0,2,2,16,0.125,11,0.6875,1,0,1,4,3,1,0,0,0,0,0,0,0,0,0,0,0,0,0,0,0,0,0,,0
Jacob,Stover,0,G,6,0,0,0,0,0,0,1,0,1,1,0,0,0,1,0,0,0,0,0,0,0,0,0,0,0,0,0,0,0,0,0,0,0,,0
Tyler,Warner,13,M,6,0,0,0,0,0,0,2,0,1,0.5,2,0,1,16,2,0,0,0,0,0,0,0,0,0,0,0,0,2,1,0,0,0,0,,0
Tim,Muller,14,D,6,1,1,1,0,1,0,1,1,1,1,0,0,0,10,1,5,0,0,0,0,0,0,0,0,0,0,0,0,0,0,0,0,0,,0
Ryan,Drenner,22,A,5,4,3,3,0,3,1,14,0.21428571428571427,6,0.42857142857142855,0,0,0,5,5,2,0,0,0,0,0,0,0,0,0,0,0,0,0,0,0,0,0,,0
Mike,Chanenchuk,1,M,6,14,8,6,2,10,4,28,0.2857142857142857,16,0.5714285714285714,12,0.16666666666666666,6,4,6,1,0,0,0,0,0,0,0,0,0,0,0,0,0,3,0,0,0,,0
Michael,Ehrhardt,28,LSM,6,7,2,0,2,4,3,9,0.2222222222222222,4,0.4444444444444444,8,0.25,4,26,2,7,0,0,0,0,0,0,0,0,0,0,0,0,0,0,0,0,0,,0
Matthew,Dunn,33,D,6,0,0,0,0,0,0,1,0,0,0,1,0,0,7,1,2,0,0,0,0,0,0,0,0,0,0,0,0,0,0,0,0,0,,0
Matt,Rambo,9,A,6,25,7,7,0,7,18,22,0.3181818181818182,14,0.6363636363636364,0,0,0,6,15,1,0,0,0,0,0,0,0,0,0,0,0,0,0,0,0,0,0,,0
Kyle,Bernlohr,35,G,6,0,0,0,0,0,0,0,0,0,0,0,0,0,12,3,1,0,0,0,0,83,0.6287878788,51,8.439439209377156,2,0.3309584004,17404,0,0,0,0,0,0,,0
Joseph,Nardella,91,FO,6,6,3,3,0,3,3,8,0.375,5,0.625,0,0,0,65,5,1,138,100,38,0.7246376811594203,0,0,0,0,0,0,0,0,0,0,0,0,0,,0
Joe,LoCascio,5,M,6,5,5,5,0,5,0,18,0.2777777777777778,12,0.6666666666666666,2,0,1,1,2,0,0,0,0,0,0,0,0,0,0,0,0,0,0,0,0,0,0,,0
Jeremy,Sieverts,20,M,6,1,1,1,0,1,0,4,0.25,3,0.75,0,0,0,2,3,0,0,0,0,0,0,0,0,0,0,0,0,0,0,0,0,0,0,,0
Jay,Carlson,32,A,6,13,12,12,0,12,1,26,0.46153846153846156,22,0.8461538461538461,0,0,0,17,4,0,0,0,0,0,0,0,0,0,0,0,0,1,0,2,0,0,0,,0
Jake,Bernhardt,83,M,6,0,0,0,0,0,0,2,0,2,1,1,0,1,2,2,7,0,0,0,0,0,0,0,0,0,0,0,2,1,0,0,0,0,,0
Drew,Snider,23,M,5,4,4,4,0,4,0,26,0.15384615384615385,15,0.5769230769230769,2,0,0,4,1,0,0,0,0,0,0,0,0,0,0,0,0,0,0,1,0,0,0,,0
Connor,Kelly,40,M,5,10,7,5,2,9,1,31,0.22580645161290322,18,0.5806451612903226,9,0.2222222222222222,5,5,3,1,0,0,0,0,0,0,0,0,0,0,0,0,0,2,0,0,0,,0
Bryce,Young,6,D,6,0,0,0,0,0,0,1,0,0,0,1,0,0,9,1,3,0,0,0,0,0,0,0,0,0,0,0,7,6,0,0,0,0,,0
Sergio,Salcido,48,M,7,8,7,7,0,7,1,26,0.2692307692307692,18,0.6923076923076923,6,0,2,4,5,0,0,0,0,0,0,0,0,0,0,0,0,1,0,0,0,0,0,,0
Sergio,Perkovic,16,M,6,15,9,3,6,15,0,35,0.2571428571428571,25,0.7142857142857143,11,0.5454545454545454,9,5,8,1,0,0,0,0,0,0,0,0,0,0,0,0,0,1,0,0,0,,0
Patrick,Harbeson,40,SSDM,6,2,1,1,0,1,1,6,0.16666666666666666,5,0.8333333333333334,1,0,1,16,3,11,0,0,0,0,0,0,0,0,0,0,0,2,1,0,0,0,0,,0
Nick,Ossello,13,M,6,0,0,0,0,0,0,5,0,2,0.4,2,0,1,4,0,5,2,0,2,0,0,0,0,0,0,0,0,2,1,0,0,0,0,,0
Matt,Kavanagh,10,A,6,11,7,7,0,7,4,24,0.2916666666666667,16,0.6666666666666666,0,0,0,6,8,2,0,0,0,0,0,0,0,0,0,0,0,0,0,1,0,0,0,,0
Kyle,Harrison,18,M,6,4,2,1,1,3,1,9,0.2222222222222222,2,0.2222222222222222,2,0.5,1,2,2,0,0,0,0,0,0,0,0,0,0,0,0,0,0,0,0,0,0,,0
John,Sexton,46,LSM,6,0,0,0,0,0,0,4,0,2,0.5,2,0,1,11,1,9,0,0,0,0,0,0,0,0,0,0,0,1,0,0,0,0,0,,0
Joe,Walters,1,M,6,9,3,2,1,4,5,13,0.23076923076923078,8,0.6153846153846154,1,1,1,1,7,0,0,0,0,0,0,0,0,0,0,0,0,1,1,1,0,0,0,,0
Garrett,Epple,11,D,6,0,0,0,0,0,0,0,0,0,0,0,0,0,17,6,9,0,0,0,0,0,0,0,0,0,0,0,1,2,0,0,0,0,,0
Eddy,Glazener,30,D,6,0,0,0,0,0,0,3,0,1,0.3333333333333333,2,0,0,9,0,5,0,0,0,0,0,0,0,0,0,0,0,2,1,0,0,0,0,,0
Brent,Adams,8,M,6,6,5,5,0,5,1,30,0.16666666666666666,17,0.5666666666666667,7,0,3,12,7,2,0,0,0,0,0,0,0,0,0,0,0,0,0,0,0,0,0,,0
Will,Haus,6,M,5,4,3,3,0,3,1,4,0.75,4,1,0,0,0,9,4,2,0,0,0,0,0,0,0,0,0,0,0,2,2,0,0,0,0,,0
Tyson,Bell,94,D,7,1,0,0,0,0,1,0,0,0,0,0,0,0,7,0,2,0,0,0,0,0,0,0,0,0,0,0,3,3,0,0,0,0,,0
Troy,Reh,77,LSM,7,3,1,0,1,2,1,3,0.3333333333333333,2,0.6666666666666666,3,0.3333333333333333,2,17,4,2,1,0,1,0,0,0,0,0,0,0,0,0,0,0,0,0,0,,0
Thomas,Kelly,24,FO,7,1,0,0,0,0,1,3,0,0,0,0,0,0,23,5,0,157,59,98,0.37579617834394907,0,0,0,0,0,0,0,1,1,0,0,0,0,,0
Zach,Mellilo,,,5,1,0,0,0,0,1,0,0,0,0,0,0,0,8,0,0,86,0,0,0,0,0,0,0,0,0,0,0,0,0,0,0,0,,0
Evan,Connell,99,D,0,0,0,0,0,0,0,0,0,0,0,0,0,0,0,0,0,0,0,0,0,0,0,0,0,0,0,0,0,0,0,0,0,0,,0
Sean,New,7,D,0,0,0,0,0,0,0,0,0,0,0,0,0,0,0,0,0,0,0,0,0,0,0,0,0,0,0,0,0,0,0,0,0,0,,0
Austin,Sims,18,M,0,0,0,0,0,0,0,0,0,0,0,0,0,0,0,0,0,0,0,0,0,0,0,0,0,0,0,0,0,0,0,0,0,0,,0
Matt,Hubler,4,M,0,0,0,0,0,0,0,0,0,0,0,0,0,0,0,0,0,0,0,0,0,0,0,0,0,0,0,0,0,0,0,0,0,0,,0
Dylan,Maltz,10,A,0,0,0,0,0,0,0,0,0,0,0,0,0,0,0,0,0,0,0,0,0,0,0,0,0,0,0,0,0,0,0,0,0,0,,0
Tate,Boyce,20,G,0,0,0,0,0,0,0,0,0,0,0,0,0,0,0,0,0,0,0,0,0,0,0,0,0,0,0,0,0,0,0,0,0,0,,0
Ryan,Conrad,15,M,0,0,0,0,0,0,0,0,0,0,0,0,0,0,0,0,0,0,0,0,0,0,0,0,0,0,0,0,0,0,0,0,0,0,,0
Brian,Karalunas,25,LSM,0,0,0,0,0,0,0,0,0,0,0,0,0,0,0,0,0,0,0,0,0,0,0,0,0,0,0,0,0,0,0,0,0,0,,0
Larken,Kemp,42,LSM,0,0,0,0,0,0,0,0,0,0,0,0,0,0,0,0,0,0,0,0,0,0,0,0,0,0,0,0,0,0,0,0,0,0,,0
Jules,Heningburg,7,A,0,0,0,0,0,0,0,0,0,0,0,0,0,0,0,0,0,0,0,0,0,0,0,0,0,0,0,0,0,0,0,0,0,0,,0
Chris,Price,4,D,0,0,0,0,0,0,0,0,0,0,0,0,0,0,0,0,0,0,0,0,0,0,0,0,0,0,0,0,0,0,0,0,0,0,,0
Ty,Thompson,91,A,0,0,0,0,0,0,0,0,0,0,0,0,0,0,0,0,0,0,0,0,0,0,0,0,0,0,0,0,0,0,0,0,0,0,,0
Greg,Coholan,4,M,0,0,0,0,0,0,0,0,0,0,0,0,0,0,0,0,0,0,0,0,0,0,0,0,0,0,0,0,0,0,0,0,0,0,,0
Deemer,Class,10,M,0,0,0,0,0,0,0,0,0,0,0,0,0,0,0,0,0,0,0,0,0,0,0,0,0,0,0,0,0,0,0,0,0,0,,0
Austin,Henningsen,17,FO,0,0,0,0,0,0,0,0,0,0,0,0,0,0,0,0,0,0,0,0,0,0,0,0,0,0,0,0,0,0,0,0,0,0,,0
James,Pannell,32,A,0,0,0,0,0,0,0,0,0,0,0,0,0,0,0,0,0,0,0,0,0,0,0,0,0,0,0,0,0,0,0,0,0,0,,0
Davey,Emala,,A,0,0,0,0,0,0,0,0,0,0,0,0,0,0,0,0,0,0,0,0,0,0,0,0,0,0,0,0,0,0,0,0,0,0,,0
Brent,Noseworthy,19,M,0,0,0,0,0,0,0,0,0,0,0,0,0,0,0,0,0,0,0,0,0,0,0,0,0,0,0,0,0,0,0,0,0,0,,0
Andrew,Hodgson,11,M,0,0,0,0,0,0,0,0,0,0,0,0,0,0,0,0,0,0,0,0,0,0,0,0,0,0,0,0,0,0,0,0,0,0,,0